Draw,Draw Date,1,2,3,4,5,6,Bonus Ball,2nd Bonus Ball,Power Ball
1816,Saturday 29 December 2018,33,15,11,2,35,10,5,,8
1815,Wednesday 26 December 2018,40,29,24,3,32,30,20,,1
1814,Saturday 22 December 2018,25,15,10,31,28,27,38,,3
1813,Wednesday 19 December 2018,23,37,2,30,14,22,35,,2
1812,Saturday 15 December 2018,7,29,22,18,40,5,25,,6
1811,Wednesday 12 December 2018,37,3,29,20,32,30,11,,3
1810,Saturday 8 December 2018,2,16,18,12,38,8,33,,10
1809,Wednesday 5 December 2018,23,5,18,1,24,25,14,,9
1808,Saturday 1 December 2018,34,30,6,39,25,26,10,,3
1807,Wednesday 28 November 2018,19,30,38,20,18,31,24,,7
1806,Saturday 24 November 2018,24,22,8,21,34,25,37,,5
1805,Wednesday 21 November 2018,8,25,7,22,40,32,31,,5
1804,Saturday 17 November 2018,14,25,34,3,27,30,18,,7
1803,Wednesday 14 November 2018,8,6,20,31,24,27,1,,4
1802,Saturday 10 November 2018,10,4,9,27,30,20,8,,6
1801,Wednesday 7 November 2018,15,1,22,40,39,12,7,,10
1800,Saturday 3 November 2018,36,7,23,22,1,29,18,,2
1799,Wednesday 31 October 2018,14,11,15,10,32,16,37,,8
1798,Saturday 27 October 2018,17,15,34,18,10,12,23,,2
1797,Wednesday 24 October 2018,24,37,33,19,9,39,10,,8
1796,Saturday 20 October 2018,28,26,12,4,35,32,21,,1
1795,Wednesday 17 October 2018,26,17,10,5,33,21,25,,7
1794,Saturday 13 October 2018,5,26,34,9,1,4,29,,5
1793,Wednesday 10 October 2018,13,4,37,12,9,2,16,,9
1792,Saturday 6 October 2018,39,13,8,24,29,26,19,,2
1791,Wednesday 3 October 2018,39,1,28,16,32,40,27,,2
1790,Saturday 29 September 2018,24,29,32,15,19,35,30,,4
1789,Wednesday 26 September 2018,32,22,36,26,40,23,35,,1
1788,Saturday 22 September 2018,25,38,36,22,3,35,7,,2
1787,Wednesday 19 September 2018,3,13,7,11,9,5,36,,7
1786,Saturday 15 September 2018,17,8,15,7,2,12,19,,2
1785,Wednesday 12 September 2018,1,3,8,11,19,36,37,,7
1784,Saturday 8 September 2018,29,22,35,18,20,24,17,,2
1783,Wednesday 5 September 2018,35,4,12,30,13,33,37,,6
1782,Saturday 1 September 2018,34,18,36,21,1,8,15,,10
1781,Wednesday 29 August 2018,12,8,21,2,7,32,10,,7
1780,Saturday 25 August 2018,13,4,9,15,8,3,11,,6
1779,Wednesday 22 August 2018,28,2,25,5,15,10,33,,7
1778,Saturday 18 August 2018,27,9,13,7,38,23,20,,3
1777,Wednesday 15 August 2018,35,18,12,33,4,27,19,,8
1776,Saturday 11 August 2018,19,25,38,3,30,32,37,,2
1775,Wednesday 8 August 2018,37,14,25,18,20,17,24,,5
1774,Saturday 4 August 2018,16,22,37,5,32,29,27,,10
1773,Wednesday 1 August 2018,5,21,31,22,34,4,17,,8
1772,Saturday 28 July 2018,14,4,21,17,23,10,35,,1
1771,Wednesday 25 July 2018,35,19,18,10,16,28,9,,9
1770,Saturday 21 July 2018,1,12,34,8,10,31,20,,6
1769,Wednesday 18 July 2018,33,13,5,24,39,2,1,,6
1768,Saturday 14 July 2018,14,17,5,18,33,19,10,,9
1767,Wednesday 11 July 2018,22,23,18,20,35,15,4,,6
1766,Saturday 7 July 2018,29,10,30,15,33,18,27,,9
1765,Wednesday 4 July 2018,21,13,38,6,30,35,25,,2
1764,Saturday 30 June 2018,23,29,12,16,39,31,25,,1
1763,Wednesday 27 June 2018,22,2,34,19,24,27,21,,2
1762,Saturday 23 June 2018,4,39,17,30,15,18,31,,4
1761,Wednesday 20 June 2018,27,1,6,26,33,4,19,,9
1760,Saturday 16 June 2018,17,8,22,7,14,34,3,,10
1759,Wednesday 13 June 2018,10,36,12,37,9,18,1,,4
1758,Saturday 9 June 2018,20,9,4,3,2,24,30,,9
1757,Wednesday 6 June 2018,31,16,23,9,25,32,37,,7
1756,Saturday 2 June 2018,14,29,8,12,7,5,10,,7
1755,Wednesday 30 May 2018,22,29,18,34,28,14,12,,10
1754,Saturday 26 May 2018,13,36,2,37,18,17,40,,9
1753,Wednesday 23 May 2018,38,21,39,1,14,23,7,,5
1752,Saturday 19 May 2018,6,31,25,13,3,37,34,,5
1751,Wednesday 16 May 2018,14,16,29,28,13,1,37,,2
1750,Saturday 12 May 2018,12,10,4,40,38,33,27,,1
1749,Wednesday 9 May 2018,25,21,40,19,23,20,6,,6
1748,Saturday 5 May 2018,6,11,20,40,34,16,19,,9
1747,Wednesday 2 May 2018,25,28,8,2,29,7,11,,7
1746,Saturday 28 April 2018,16,40,36,5,11,4,2,,4
1745,Wednesday 25 April 2018,36,7,15,23,27,3,11,,3
1744,Saturday 21 April 2018,2,9,15,27,32,10,18,,3
1743,Wednesday 18 April 2018,1,35,20,19,24,39,12,,6
1742,Saturday 14 April 2018,21,3,34,35,25,14,23,,10
1741,Wednesday 11 April 2018,21,34,33,7,16,40,9,,4
1740,Saturday 7 April 2018,1,10,19,13,17,23,32,,3
1739,Wednesday 4 April 2018,22,38,1,15,14,13,32,,3
1738,Saturday 31 March 2018,11,6,16,4,23,2,40,,9
1737,Wednesday 28 March 2018,36,1,34,37,12,28,40,,7
1736,Saturday 24 March 2018,15,37,22,18,21,12,32,,5
1735,Wednesday 21 March 2018,35,13,38,29,14,9,27,,1
1734,Saturday 17 March 2018,24,19,15,25,40,16,31,,4
1733,Wednesday 14 March 2018,20,18,28,19,17,24,30,,3
1732,Saturday 10 March 2018,40,34,1,37,12,14,22,,10
1731,Wednesday 7 March 2018,25,3,34,29,23,15,1,,6
1730,Saturday 3 March 2018,2,19,34,35,38,12,3,,9
1729,Wednesday 28 February 2018,10,40,18,20,16,3,35,,2
1728,Saturday 24 February 2018,19,2,32,40,16,25,36,,2
1727,Wednesday 21 February 2018,9,31,17,3,25,11,10,,3
1726,Saturday 17 February 2018,30,35,29,37,31,36,19,,5
1725,Wednesday 14 February 2018,14,35,23,26,36,37,30,,6
1724,Saturday 10 February 2018,5,33,2,4,30,22,16,,7
1723,Wednesday 7 February 2018,25,11,29,39,17,34,1,,5
1722,Saturday 3 February 2018,29,11,38,2,30,15,36,,7
1721,Wednesday 31 January 2018,16,11,39,31,5,10,28,,5
1720,Saturday 27 January 2018,37,29,8,6,23,26,17,,7
1719,Wednesday 24 January 2018,28,1,24,25,20,16,22,,6
1718,Saturday 20 January 2018,20,17,26,1,39,12,7,,1
1717,Wednesday 17 January 2018,19,3,18,23,22,15,20,,2
1716,Saturday 13 January 2018,37,33,11,39,29,18,2,,10
1715,Wednesday 10 January 2018,8,1,16,2,4,26,39,,10
1714,Saturday 6 January 2018,19,40,13,33,10,15,32,,1
1713,Wednesday 3 January 2018,21,35,20,8,34,38,12,,3
1712,Saturday 30 December 2017,12,32,1,21,3,20,13,,5
1711,Wednesday 27 December 2017,22,28,16,30,15,3,5,,4
1710,Saturday 23 December 2017,17,29,38,25,19,15,7,,4
1709,Wednesday 20 December 2017,17,12,14,3,1,33,40,,2
1708,Saturday 16 December 2017,23,28,30,19,33,11,16,,3
1707,Wednesday 13 December 2017,6,39,37,11,10,34,30,,7
1706,Saturday 9 December 2017,4,8,16,22,15,5,25,,3
1705,Wednesday 6 December 2017,3,7,21,19,40,16,27,,5
1704,Saturday 2 December 2017,23,14,2,21,15,32,18,,4
1703,Wednesday 29 November 2017,5,24,9,17,14,31,8,,2
1702,Saturday 25 November 2017,25,34,37,24,7,22,19,,7
1701,Wednesday 22 November 2017,12,8,5,36,28,18,40,,5
1700,Saturday 18 November 2017,31,28,36,11,20,12,34,,2
1699,Wednesday 15 November 2017,7,32,2,26,16,33,12,,5
1698,Saturday 11 November 2017,18,39,14,3,26,38,40,,9
1697,Wednesday 8 November 2017,27,15,13,25,8,17,38,,5
1696,Saturday 4 November 2017,5,28,12,25,3,40,34,,10
1695,Wednesday 1 November 2017,3,29,39,17,19,23,18,,1
1694,Saturday 28 October 2017,37,10,12,23,1,9,13,,5
1693,Wednesday 25 October 2017,22,19,3,25,1,23,31,,8
1692,Saturday 21 October 2017,13,15,22,5,29,24,38,,8
1691,Wednesday 18 October 2017,11,14,15,22,13,32,3,,7
1690,Saturday 14 October 2017,4,38,7,31,11,3,25,,5
1689,Wednesday 11 October 2017,4,29,33,24,35,15,3,,2
1688,Saturday 7 October 2017,23,35,1,20,25,12,3,,1
1687,Wednesday 4 October 2017,5,33,3,37,21,2,24,,4
1686,Saturday 30 September 2017,32,24,4,34,25,16,14,,2
1685,Wednesday 27 September 2017,27,15,22,34,12,1,13,,5
1684,Saturday 23 September 2017,31,6,7,35,15,19,11,,4
1683,Wednesday 20 September 2017,20,35,10,33,36,16,15,,9
1682,Saturday 16 September 2017,37,3,24,20,9,15,16,,1
1681,Wednesday 13 September 2017,19,35,10,21,18,25,38,,7
1680,Saturday 9 September 2017,23,10,29,13,16,36,30,,9
1679,Wednesday 6 September 2017,3,27,30,25,7,28,40,,9
1678,Saturday 2 September 2017,20,22,10,30,21,37,39,,4
1677,Wednesday 30 August 2017,17,16,14,27,12,9,2,,6
1676,Saturday 26 August 2017,33,29,11,35,6,4,31,,8
1675,Wednesday 23 August 2017,10,26,39,25,4,7,13,,4
1674,Saturday 19 August 2017,17,4,22,32,28,27,18,,8
1673,Wednesday 16 August 2017,10,23,14,18,8,32,22,,10
1672,Saturday 12 August 2017,30,23,21,2,14,31,36,,9
1671,Wednesday 9 August 2017,32,12,4,19,7,37,11,,9
1670,Saturday 5 August 2017,31,16,35,22,29,30,17,,10
1669,Wednesday 2 August 2017,26,6,28,8,2,1,29,,3
1668,Saturday 29 July 2017,40,13,10,33,24,29,4,,9
1667,Wednesday 26 July 2017,4,5,40,12,34,21,17,,9
1666,Saturday 22 July 2017,13,35,36,2,19,25,6,,5
1665,Wednesday 19 July 2017,26,36,35,14,13,34,37,,3
1664,Saturday 15 July 2017,37,17,40,18,21,34,12,,1
1663,Wednesday 12 July 2017,18,26,5,21,30,32,1,,9
1662,Saturday 8 July 2017,10,13,30,23,9,25,34,,9
1661,Wednesday 5 July 2017,19,27,11,9,31,39,20,,6
1660,Saturday 1 July 2017,21,35,12,10,8,4,1,,5
1659,Wednesday 28 June 2017,1,10,18,27,40,26,6,,5
1658,Saturday 24 June 2017,25,11,29,34,39,40,10,,8
1657,Wednesday 21 June 2017,36,29,17,32,3,40,24,,9
1656,Saturday 17 June 2017,37,5,3,7,6,33,20,,9
1655,Wednesday 14 June 2017,3,6,13,40,36,7,35,,6
1654,Saturday 10 June 2017,7,1,31,9,35,37,20,,9
1653,Wednesday 7 June 2017,39,9,7,16,24,26,22,,1
1652,Saturday 3 June 2017,23,13,29,31,14,18,2,,1
1651,Wednesday 31 May 2017,2,36,9,1,5,12,22,,6
1650,Saturday 27 May 2017,9,8,3,36,28,2,18,,10
1649,Wednesday 24 May 2017,20,9,32,19,38,17,7,,4
1648,Saturday 20 May 2017,6,1,31,14,20,16,19,,2
1647,Wednesday 17 May 2017,12,9,28,10,30,11,16,,8
1646,Saturday 13 May 2017,31,7,3,2,37,26,4,,5
1645,Wednesday 10 May 2017,15,4,3,9,33,1,38,,6
1644,Saturday 6 May 2017,26,5,23,34,4,11,32,,2
1643,Wednesday 3 May 2017,36,24,19,10,11,16,18,,3
1642,Saturday 29 April 2017,19,32,30,36,1,25,23,,9
1641,Wednesday 26 April 2017,12,38,17,16,25,39,7,,6
1640,Saturday 22 April 2017,16,33,36,26,1,9,22,,2
1639,Wednesday 19 April 2017,34,28,2,26,11,1,8,,9
1638,Saturday 15 April 2017,15,14,27,29,24,2,39,,8
1637,Wednesday 12 April 2017,13,2,27,23,26,32,22,,3
1636,Saturday 8 April 2017,23,32,20,35,30,39,38,,10
1635,Wednesday 5 April 2017,2,26,36,11,1,9,21,,10
1634,Saturday 1 April 2017,22,25,20,2,19,33,34,,8
1633,Wednesday 29 March 2017,15,35,4,28,9,38,37,,9
1632,Saturday 25 March 2017,37,4,9,24,38,10,36,,8
1631,Wednesday 22 March 2017,11,37,28,2,29,24,27,,4
1630,Saturday 18 March 2017,28,17,33,23,10,27,40,,6
1629,Wednesday 15 March 2017,1,32,5,40,38,23,18,,2
1628,Saturday 11 March 2017,36,12,32,11,9,22,20,,9
1627,Wednesday 8 March 2017,13,3,5,36,2,4,1,,5
1626,Saturday 4 March 2017,14,35,1,25,7,38,27,,9
1625,Wednesday 1 March 2017,1,21,11,18,38,22,27,,10
1624,Saturday 25 February 2017,34,25,39,37,27,33,18,,4
1623,Wednesday 22 February 2017,34,6,30,14,36,19,12,,3
1622,Saturday 18 February 2017,35,14,24,28,10,6,30,,7
1621,Wednesday 15 February 2017,32,3,29,28,5,36,20,,1
1620,Saturday 11 February 2017,11,15,35,23,17,30,29,,10
1619,Wednesday 8 February 2017,40,25,4,39,35,6,23,,5
1618,Saturday 4 February 2017,17,2,16,39,38,3,31,,2
1617,Wednesday 1 February 2017,13,31,25,35,2,18,15,,8
1616,Saturday 28 January 2017,17,6,19,8,9,10,37,,4
1615,Wednesday 25 January 2017,14,34,22,36,1,27,5,,3
1614,Saturday 21 January 2017,13,20,3,34,30,7,19,,3
1613,Wednesday 18 January 2017,14,25,31,8,21,13,6,,4
1612,Saturday 14 January 2017,38,31,32,1,11,2,27,,5
1611,Wednesday 11 January 2017,29,22,13,32,40,9,16,,5
1610,Saturday 7 January 2017,8,30,23,38,16,37,28,,6
1609,Wednesday 4 January 2017,27,26,16,25,4,13,1,,1
1608,Saturday 31 December 2016,6,11,8,34,16,21,12,,9
1607,Wednesday 28 December 2016,36,17,19,35,28,22,11,,6
1606,Saturday 24 December 2016,9,6,25,26,3,28,31,,4
1605,Wednesday 21 December 2016,32,5,1,26,13,30,27,,5
1604,Saturday 17 December 2016,2,26,12,22,31,24,8,,5
1603,Wednesday 14 December 2016,24,12,10,40,29,21,19,,1
1602,Saturday 10 December 2016,19,14,33,24,35,36,27,,9
1601,Wednesday 7 December 2016,10,12,24,26,34,19,16,,10
1600,Saturday 3 December 2016,15,6,37,10,28,5,29,,9
1599,Wednesday 30 November 2016,37,33,26,11,29,32,9,,1
1598,Saturday 26 November 2016,17,29,36,31,23,19,13,,9
1597,Wednesday 23 November 2016,6,2,1,30,40,7,36,,10
1596,Saturday 19 November 2016,28,20,10,23,13,17,9,,7
1595,Wednesday 16 November 2016,32,7,4,11,17,37,13,,3
1594,Saturday 12 November 2016,27,33,38,32,13,4,35,,2
1593,Wednesday 9 November 2016,3,21,22,1,30,29,5,,6
1592,Saturday 5 November 2016,24,16,3,40,11,38,35,,7
1591,Wednesday 2 November 2016,29,25,9,36,2,13,11,,6
1590,Saturday 29 October 2016,22,19,30,23,15,36,31,,9
1589,Wednesday 26 October 2016,29,4,3,11,28,6,32,,7
1588,Saturday 22 October 2016,20,21,35,19,17,26,4,,7
1587,Wednesday 19 October 2016,30,21,28,20,18,9,15,,6
1586,Saturday 15 October 2016,8,15,20,35,29,39,21,,5
1585,Wednesday 12 October 2016,12,14,11,5,1,15,35,,7
1584,Saturday 8 October 2016,19,29,2,23,28,22,17,,10
1583,Wednesday 5 October 2016,24,36,12,37,11,30,6,,7
1582,Saturday 1 October 2016,16,7,11,26,30,23,27,,1
1581,Wednesday 28 September 2016,38,15,3,27,5,37,32,,4
1580,Saturday 24 September 2016,39,14,27,17,32,11,34,,4
1579,Wednesday 21 September 2016,17,11,31,34,10,21,15,,10
1578,Saturday 17 September 2016,40,6,22,25,34,16,37,,4
1577,Wednesday 14 September 2016,3,14,40,18,23,8,13,,2
1576,Saturday 10 September 2016,11,18,5,10,15,38,6,,1
1575,Wednesday 7 September 2016,39,7,32,22,36,29,18,,5
1574,Saturday 3 September 2016,34,25,24,18,32,27,7,,4
1573,Wednesday 31 August 2016,37,21,28,33,31,16,32,,7
1572,Saturday 27 August 2016,15,9,6,25,7,4,34,,9
1571,Wednesday 24 August 2016,17,38,14,15,39,32,40,,3
1570,Saturday 20 August 2016,27,36,19,29,28,11,32,,10
1569,Wednesday 17 August 2016,3,10,6,2,26,14,11,,7
1568,Saturday 13 August 2016,21,23,26,24,40,22,28,,2
1567,Wednesday 10 August 2016,36,11,5,14,31,4,39,,1
1566,Saturday 6 August 2016,34,18,10,8,23,28,37,,5
1565,Wednesday 3 August 2016,35,10,33,15,29,28,21,,2
1564,Saturday 30 July 2016,27,29,4,26,15,8,30,,2
1563,Wednesday 27 July 2016,30,3,7,20,18,22,31,,6
1562,Saturday 23 July 2016,25,21,33,9,6,5,24,,1
1561,Wednesday 20 July 2016,6,38,25,39,15,34,9,,2
1560,Saturday 16 July 2016,24,26,30,8,10,40,23,,8
1559,Wednesday 13 July 2016,22,32,14,4,17,16,18,,2
1558,Saturday 9 July 2016,29,27,37,18,33,3,36,,7
1557,Wednesday 6 July 2016,29,30,1,6,14,12,32,,9
1556,Saturday 2 July 2016,5,28,20,13,6,39,12,,3
1555,Wednesday 29 June 2016,1,32,31,25,6,7,35,,6
1554,Saturday 25 June 2016,19,24,15,25,29,21,5,,4
1553,Wednesday 22 June 2016,37,10,9,13,14,25,22,,6
1552,Saturday 18 June 2016,34,17,33,23,2,36,24,,5
1551,Wednesday 15 June 2016,8,24,28,30,36,32,6,,6
1550,Saturday 11 June 2016,17,2,1,18,16,7,13,,7
1549,Wednesday 8 June 2016,40,16,39,24,32,21,1,,1
1548,Saturday 4 June 2016,33,35,20,7,32,19,8,,4
1547,Wednesday 1 June 2016,12,7,14,32,18,31,15,,9
1546,Saturday 28 May 2016,32,33,6,29,9,40,5,,1
1545,Wednesday 25 May 2016,40,13,19,32,30,29,31,,2
1544,Saturday 21 May 2016,8,37,11,26,27,24,39,,8
1543,Wednesday 18 May 2016,30,14,23,25,38,20,9,,2
1542,Saturday 14 May 2016,18,40,3,13,6,34,15,,1
1541,Wednesday 11 May 2016,27,15,9,40,32,22,33,,2
1540,Saturday 7 May 2016,25,13,19,32,12,38,27,,4
1539,Wednesday 4 May 2016,19,40,13,26,3,39,35,,4
1538,Saturday 30 April 2016,20,11,36,22,31,23,3,,1
1537,Wednesday 27 April 2016,12,32,15,29,20,1,10,,8
1536,Saturday 23 April 2016,21,26,30,37,19,24,2,,7
1535,Wednesday 20 April 2016,3,9,12,21,2,26,17,,8
1534,Saturday 16 April 2016,4,28,35,19,3,20,25,,4
1533,Wednesday 13 April 2016,36,17,29,15,4,14,19,,7
1532,Saturday 9 April 2016,22,5,9,35,30,1,8,,1
1531,Wednesday 6 April 2016,28,7,40,27,22,36,9,,10
1530,Saturday 2 April 2016,28,10,7,13,31,21,30,,3
1529,Wednesday 30 March 2016,27,12,22,13,24,23,1,,10
1528,Saturday 26 March 2016,35,36,12,9,18,14,39,,2
1527,Wednesday 23 March 2016,6,12,31,16,18,37,10,,7
1526,Saturday 19 March 2016,7,1,38,12,24,5,17,,1
1525,Wednesday 16 March 2016,9,39,37,18,8,23,11,,5
1524,Saturday 12 March 2016,15,25,12,9,21,7,8,,2
1523,Wednesday 9 March 2016,16,18,15,17,9,28,21,,4
1522,Saturday 5 March 2016,17,1,8,5,29,35,24,,1
1521,Wednesday 2 March 2016,35,26,5,11,22,21,6,,9
1520,Saturday 27 February 2016,22,33,30,15,18,14,19,,1
1519,Wednesday 24 February 2016,2,17,19,29,5,20,24,,5
1518,Saturday 20 February 2016,31,22,5,33,11,20,24,,6
1517,Wednesday 17 February 2016,3,10,24,33,30,20,25,,9
1516,Saturday 13 February 2016,8,17,7,9,35,3,10,,9
1515,Wednesday 10 February 2016,18,17,13,19,11,12,7,,5
1514,Saturday 6 February 2016,36,37,34,30,8,28,14,,4
1513,Wednesday 3 February 2016,10,15,14,5,18,11,37,,7
1512,Saturday 30 January 2016,10,21,29,28,37,14,30,,5
1511,Wednesday 27 January 2016,11,7,6,32,13,34,30,,1
1510,Saturday 23 January 2016,25,17,7,14,2,16,20,,10
1509,Wednesday 20 January 2016,17,12,34,4,28,24,16,,10
1508,Saturday 16 January 2016,5,34,26,38,40,33,24,,2
1507,Wednesday 13 January 2016,35,28,3,15,39,22,29,,3
1506,Saturday 9 January 2016,3,8,37,31,30,21,24,,8
1505,Wednesday 6 January 2016,28,40,13,29,9,27,1,,4
1504,Saturday 2 January 2016,5,32,24,30,22,1,11,,8
1503,Wednesday 30 December 2015,24,19,40,27,11,36,18,,2
1502,Saturday 26 December 2015,36,4,16,7,27,38,1,,7
1501,Wednesday 23 December 2015,23,28,2,1,7,13,10,,6
1500,Saturday 19 December 2015,31,13,17,14,18,20,16,,1
1499,Wednesday 16 December 2015,19,4,18,14,5,21,26,,4
1498,Saturday 12 December 2015,25,16,27,33,23,1,3,,6
1497,Wednesday 9 December 2015,38,11,13,23,34,30,18,,4
1496,Saturday 5 December 2015,15,12,2,23,25,9,34,,8
1495,Wednesday 2 December 2015,27,18,14,5,15,21,4,,8
1494,Saturday 28 November 2015,17,19,27,13,7,29,4,,4
1493,Wednesday 25 November 2015,24,27,12,36,25,39,2,,7
1492,Saturday 21 November 2015,6,31,19,40,35,15,23,,3
1491,Wednesday 18 November 2015,22,18,19,17,20,40,13,,7
1490,Saturday 14 November 2015,40,5,10,15,9,3,24,,2
1489,Wednesday 11 November 2015,35,23,12,21,8,29,16,,6
1488,Saturday 7 November 2015,13,39,19,21,16,14,24,,4
1487,Wednesday 4 November 2015,14,18,38,37,10,17,11,,2
1486,Saturday 31 October 2015,9,24,37,20,4,26,7,,8
1485,Wednesday 28 October 2015,14,28,23,15,33,24,3,,7
1484,Saturday 24 October 2015,31,34,20,12,39,7,14,,5
1483,Wednesday 21 October 2015,23,12,13,2,16,31,15,,5
1482,Saturday 17 October 2015,24,12,6,34,1,26,33,,3
1481,Wednesday 14 October 2015,26,15,9,30,19,21,11,,5
1480,Saturday 10 October 2015,30,16,28,27,23,12,17,,3
1479,Wednesday 7 October 2015,14,28,23,7,3,31,18,,10
1478,Saturday 3 October 2015,22,38,17,1,26,23,29,,8
1477,Saturday 26 September 2015,26,34,18,23,22,1,13,,5
1476,Saturday 19 September 2015,27,14,15,39,1,33,25,,3
1475,Saturday 12 September 2015,19,16,34,35,17,24,3,,1
1474,Saturday 5 September 2015,35,40,1,11,31,19,2,,6
1473,Saturday 29 August 2015,34,3,31,37,17,39,5,,4
1472,Saturday 22 August 2015,20,38,26,8,3,1,15,,1
1471,Saturday 15 August 2015,12,22,35,40,4,26,8,,2
1470,Saturday 8 August 2015,2,22,13,39,26,18,38,,4
1469,Saturday 1 August 2015,35,19,6,18,20,8,4,,7
1468,Saturday 25 July 2015,36,18,9,22,39,15,34,,5
1467,Saturday 18 July 2015,18,19,37,26,35,12,15,,2
1466,Saturday 11 July 2015,15,36,17,8,31,11,32,,6
1465,Saturday 4 July 2015,38,16,10,7,3,18,5,,3
1464,Saturday 27 June 2015,13,8,33,18,25,9,22,,3
1463,Saturday 20 June 2015,21,18,40,37,15,36,38,,6
1462,Saturday 13 June 2015,9,12,20,35,17,38,34,,6
1461,Saturday 6 June 2015,29,32,37,10,19,1,16,,5
1460,Saturday 30 May 2015,33,14,10,8,17,34,9,,10
1459,Saturday 23 May 2015,37,3,9,1,36,34,40,,2
1458,Saturday 16 May 2015,1,32,5,38,31,3,17,,2
1457,Saturday 9 May 2015,22,32,9,33,25,35,14,,10
1456,Saturday 2 May 2015,36,8,37,27,13,32,24,,7
1455,Saturday 25 April 2015,25,14,15,20,10,37,4,,7
1454,Saturday 18 April 2015,37,21,15,23,6,18,10,,9
1453,Saturday 11 April 2015,19,33,21,3,4,26,20,,4
1452,Saturday 4 April 2015,1,9,7,32,17,2,15,,8
1451,Saturday 28 March 2015,15,14,4,33,27,9,28,,7
1450,Saturday 21 March 2015,14,20,8,33,5,17,18,,4
1449,Saturday 14 March 2015,26,34,18,13,40,12,37,,6
1448,Saturday 7 March 2015,26,1,30,24,2,6,15,,3
1447,Saturday 28 February 2015,40,5,25,30,31,6,17,,1
1446,Saturday 21 February 2015,21,18,26,6,39,31,23,,6
1445,Saturday 14 February 2015,20,5,1,16,30,34,21,,9
1444,Saturday 7 February 2015,39,17,14,13,18,40,37,,6
1443,Saturday 31 January 2015,31,32,16,28,8,15,30,,6
1442,Saturday 24 January 2015,27,8,19,28,24,22,3,,4
1441,Saturday 17 January 2015,40,19,15,32,35,30,18,,6
1440,Saturday 10 January 2015,19,15,39,27,2,37,26,,10
1439,Saturday 3 January 2015,27,6,4,17,31,32,11,,9
1438,Saturday 27 December 2014,24,19,10,15,9,28,37,,8
1437,Saturday 20 December 2014,37,33,22,5,20,29,35,,1
1436,Saturday 13 December 2014,18,38,33,8,21,28,1,,5
1435,Saturday 6 December 2014,14,21,26,19,23,11,34,,8
1434,Saturday 29 November 2014,5,39,1,2,28,23,19,,4
1433,Saturday 22 November 2014,37,17,3,23,34,28,10,,3
1432,Saturday 15 November 2014,28,34,40,16,27,23,2,,4
1431,Saturday 8 November 2014,35,39,24,36,25,9,32,,2
1430,Saturday 1 November 2014,26,12,32,3,37,14,10,,6
1429,Saturday 25 October 2014,9,31,35,19,28,2,7,,4
1428,Saturday 18 October 2014,40,27,15,32,36,2,37,,8
1427,Saturday 11 October 2014,39,4,25,10,24,20,40,,10
1426,Saturday 4 October 2014,11,19,2,17,26,28,34,,10
1425,Saturday 27 September 2014,40,38,20,28,15,19,17,,8
1424,Saturday 20 September 2014,22,26,37,33,30,3,10,,2
1423,Saturday 13 September 2014,5,19,27,14,21,7,23,,1
1422,Saturday 6 September 2014,38,35,14,4,17,3,21,,1
1421,Saturday 30 August 2014,19,39,10,35,15,17,37,,6
1420,Saturday 23 August 2014,25,16,4,37,29,20,27,,10
1419,Saturday 16 August 2014,24,2,26,29,33,10,28,,9
1418,Saturday 9 August 2014,25,18,7,14,30,17,33,,10
1417,Saturday 2 August 2014,20,4,37,34,22,36,33,,2
1416,Saturday 26 July 2014,13,40,14,27,38,31,6,,2
1415,Saturday 19 July 2014,16,33,8,29,6,11,28,,7
1414,Saturday 12 July 2014,14,37,30,36,31,21,40,,4
1413,Saturday 5 July 2014,2,12,23,18,10,9,7,,2
1412,Saturday 28 June 2014,1,14,36,3,38,2,15,,1
1411,Saturday 21 June 2014,35,18,14,17,3,2,7,,7
1410,Saturday 14 June 2014,8,20,11,39,40,4,9,,7
1409,Saturday 7 June 2014,7,32,27,2,33,4,5,,3
1408,Saturday 31 May 2014,7,26,35,27,34,32,19,,7
1407,Saturday 24 May 2014,22,35,10,24,16,14,6,,8
1406,Saturday 17 May 2014,6,40,19,36,23,26,31,,10
1405,Saturday 10 May 2014,35,5,9,24,4,3,13,,10
1404,Saturday 3 May 2014,22,38,36,34,11,20,31,,6
1403,Saturday 26 April 2014,12,29,25,31,18,17,32,,2
1402,Saturday 19 April 2014,26,37,30,19,28,3,10,,8
1401,Saturday 12 April 2014,38,7,29,24,10,22,36,,9
1400,Saturday 5 April 2014,11,16,20,31,33,13,26,,3
1399,Saturday 29 March 2014,4,19,13,10,24,21,31,,6
1398,Saturday 22 March 2014,12,18,34,16,35,39,33,,3
1397,Saturday 15 March 2014,19,2,22,6,36,11,37,,10
1396,Saturday 8 March 2014,28,18,8,6,35,3,23,,10
1395,Saturday 1 March 2014,9,13,33,31,1,20,38,,5
1394,Saturday 22 February 2014,34,27,9,24,40,22,23,,6
1393,Saturday 15 February 2014,24,28,19,8,17,9,10,,3
1392,Saturday 8 February 2014,35,20,37,16,39,17,7,,9
1391,Saturday 1 February 2014,15,38,27,20,30,39,14,,10
1390,Saturday 25 January 2014,37,38,28,26,10,39,13,,1
1389,Saturday 18 January 2014,35,37,29,14,18,23,11,,6
1388,Saturday 11 January 2014,31,10,22,30,39,12,2,,2
1387,Saturday 4 January 2014,24,26,37,14,12,16,6,,5
1386,Saturday 28 December 2013,18,34,15,20,6,16,9,,8
1385,Saturday 21 December 2013,25,12,19,7,4,20,15,,3
1384,Saturday 14 December 2013,5,15,33,32,20,39,17,,10
1383,Saturday 7 December 2013,3,25,21,26,31,11,17,,4
1382,Saturday 30 November 2013,1,37,4,11,17,31,27,,7
1381,Saturday 23 November 2013,37,14,26,30,28,40,23,,1
1380,Saturday 16 November 2013,4,9,25,18,8,28,5,,4
1379,Saturday 9 November 2013,39,30,28,6,9,18,11,,8
1378,Saturday 2 November 2013,1,21,5,15,12,29,4,,5
1377,Saturday 26 October 2013,4,15,33,27,32,19,38,,2
1376,Saturday 19 October 2013,14,40,29,2,27,34,5,,2
1375,Saturday 12 October 2013,37,6,32,30,8,39,16,,2
1374,Saturday 5 October 2013,1,28,20,19,13,37,22,,3
1373,Saturday 28 September 2013,39,21,40,1,29,33,8,,4
1372,Saturday 21 September 2013,21,17,26,18,6,8,10,,5
1371,Saturday 14 September 2013,30,31,2,5,11,19,23,,7
1370,Saturday 7 September 2013,24,4,33,38,2,32,15,,4
1369,Saturday 31 August 2013,28,25,17,12,6,20,10,,2
1368,Saturday 24 August 2013,27,36,7,40,4,19,1,,1
1367,Saturday 17 August 2013,23,34,11,29,16,1,7,,3
1366,Saturday 10 August 2013,27,5,38,21,23,30,36,,2
1365,Saturday 3 August 2013,4,29,23,15,9,6,7,,3
1364,Saturday 27 July 2013,32,1,2,37,36,24,14,,1
1363,Saturday 20 July 2013,20,1,10,36,21,6,32,,3
1362,Saturday 13 July 2013,3,32,5,22,19,13,15,,3
1361,Saturday 6 July 2013,14,25,19,38,34,13,8,,1
1360,Saturday 29 June 2013,20,38,3,17,10,16,32,,8
1359,Saturday 22 June 2013,7,14,30,23,2,33,5,,8
1358,Saturday 15 June 2013,26,33,39,12,31,36,17,,8
1357,Saturday 8 June 2013,7,6,32,37,29,19,27,,8
1356,Saturday 1 June 2013,11,23,22,13,36,8,15,,2
1355,Saturday 25 May 2013,4,2,19,17,27,9,31,,5
1354,Saturday 18 May 2013,3,35,36,33,8,22,37,,5
1353,Saturday 11 May 2013,29,19,12,39,16,18,37,,5
1352,Saturday 4 May 2013,40,24,15,38,26,27,2,,2
1351,Saturday 27 April 2013,18,17,9,35,13,23,39,,2
1350,Saturday 20 April 2013,29,39,15,34,40,31,16,,10
1349,Saturday 13 April 2013,7,37,24,16,6,38,20,,8
1348,Saturday 6 April 2013,13,29,16,33,25,38,18,,8
1347,Saturday 30 March 2013,36,11,38,26,10,6,33,,3
1346,Saturday 23 March 2013,18,16,29,30,32,1,25,,5
1345,Saturday 16 March 2013,16,11,26,3,13,15,5,,8
1344,Saturday 9 March 2013,40,39,11,37,7,10,24,,8
1343,Saturday 2 March 2013,11,12,33,8,37,18,13,,4
1342,Saturday 23 February 2013,21,13,38,29,40,28,30,,1
1341,Saturday 16 February 2013,2,32,6,25,36,35,15,,2
1340,Saturday 9 February 2013,20,17,28,4,19,9,21,,7
1339,Saturday 2 February 2013,13,24,5,39,6,19,26,,5
1338,Saturday 26 January 2013,31,29,1,27,2,12,16,,2
1337,Saturday 19 January 2013,19,5,39,21,36,32,9,,8
1336,Saturday 12 January 2013,3,7,2,1,30,8,14,,5
1335,Saturday 5 January 2013,26,1,8,30,14,3,34,,10
1334,Saturday 29 December 2012,6,26,3,25,7,29,8,,4
1333,Saturday 22 December 2012,14,6,19,13,8,31,2,,2
1332,Saturday 15 December 2012,36,25,12,24,6,23,33,,7
1331,Saturday 8 December 2012,18,27,13,21,9,24,26,,8
1330,Saturday 1 December 2012,8,14,10,21,39,15,20,,4
1329,Saturday 24 November 2012,4,34,35,18,3,19,21,,9
1328,Saturday 17 November 2012,17,22,1,32,28,18,38,,10
1327,Saturday 10 November 2012,22,36,18,31,33,32,26,,10
1326,Saturday 3 November 2012,36,21,35,2,1,15,20,,8
1325,Saturday 27 October 2012,33,14,15,39,36,29,38,,8
1324,Saturday 20 October 2012,12,31,27,11,14,2,13,,10
1323,Saturday 13 October 2012,31,40,1,30,29,7,20,,2
1322,Saturday 6 October 2012,30,15,19,23,22,9,8,,5
1321,Saturday 29 September 2012,9,13,30,34,35,6,17,,6
1320,Saturday 22 September 2012,9,17,35,21,19,12,1,,8
1319,Saturday 15 September 2012,14,3,16,36,1,38,8,,7
1318,Saturday 8 September 2012,31,40,38,16,39,7,28,,2
1317,Saturday 1 September 2012,26,35,33,1,15,5,24,,2
1316,Saturday 25 August 2012,8,39,27,18,17,13,20,,7
1315,Saturday 18 August 2012,13,35,23,10,21,27,5,,2
1314,Saturday 11 August 2012,26,4,20,15,2,31,22,,3
1313,Saturday 4 August 2012,10,24,29,12,13,38,26,,9
1312,Saturday 28 July 2012,8,7,9,25,2,18,36,,1
1311,Saturday 21 July 2012,31,15,17,1,13,26,40,,8
1310,Saturday 14 July 2012,12,11,7,4,34,15,2,,2
1309,Saturday 7 July 2012,27,40,39,21,11,8,20,,7
1308,Saturday 30 June 2012,2,14,24,9,10,22,40,,9
1307,Saturday 23 June 2012,30,32,29,26,28,25,5,,4
1306,Saturday 16 June 2012,39,9,20,27,18,33,6,,2
1305,Saturday 9 June 2012,7,10,17,6,5,24,40,,2
1304,Saturday 2 June 2012,10,21,11,24,33,15,30,,6
1303,Saturday 26 May 2012,8,21,39,10,20,12,26,,1
1302,Saturday 19 May 2012,37,13,36,16,32,18,17,,4
1301,Saturday 12 May 2012,2,24,36,35,13,16,19,,8
1300,Saturday 5 May 2012,35,31,28,38,34,7,33,,9
1299,Saturday 28 April 2012,24,20,4,13,1,12,22,,9
1298,Saturday 21 April 2012,11,16,13,7,15,12,30,,3
1297,Saturday 14 April 2012,13,27,23,17,33,31,25,,8
1296,Saturday 7 April 2012,21,24,30,27,35,5,14,,1
1295,Saturday 31 March 2012,40,21,5,35,24,4,37,,7
1294,Saturday 24 March 2012,33,2,19,22,14,9,10,,2
1293,Saturday 17 March 2012,33,5,4,40,18,11,23,,2
1292,Saturday 10 March 2012,24,11,39,15,8,35,38,,4
1291,Saturday 3 March 2012,31,23,39,3,40,8,22,,7
1290,Saturday 25 February 2012,20,7,3,40,9,27,37,,1
1289,Saturday 18 February 2012,7,13,34,27,36,22,30,,7
1288,Saturday 11 February 2012,9,33,2,17,21,7,29,,3
1287,Saturday 4 February 2012,38,21,26,34,33,23,35,,1
1286,Saturday 28 January 2012,35,33,8,16,40,6,26,,5
1285,Saturday 21 January 2012,13,38,7,20,1,4,39,,7
1284,Saturday 14 January 2012,3,5,34,19,1,16,9,,9
1283,Saturday 7 January 2012,8,12,35,36,40,10,14,,10
1282,Saturday 31 December 2011,4,36,27,13,10,39,26,,9
1281,Saturday 24 December 2011,34,15,26,7,18,32,12,,3
1280,Saturday 17 December 2011,23,31,19,40,13,9,24,,3
1279,Saturday 10 December 2011,27,13,30,36,14,37,28,,3
1278,Saturday 3 December 2011,18,21,15,4,32,33,26,,5
1277,Saturday 26 November 2011,17,33,3,23,38,8,40,,8
1276,Saturday 19 November 2011,15,30,25,31,26,13,6,,9
1275,Saturday 12 November 2011,1,2,18,8,6,5,31,,6
1274,Saturday 5 November 2011,2,35,38,31,21,5,29,,6
1273,Saturday 29 October 2011,21,26,15,16,1,34,2,,9
1272,Saturday 22 October 2011,12,40,6,35,10,24,9,,7
1271,Saturday 15 October 2011,13,32,34,12,31,26,7,,2
1270,Saturday 8 October 2011,28,40,25,17,39,23,15,,10
1269,Saturday 1 October 2011,4,6,21,40,7,33,5,,9
1268,Saturday 24 September 2011,13,14,3,21,11,36,1,,9
1267,Saturday 17 September 2011,34,15,27,26,12,6,3,,2
1266,Saturday 10 September 2011,12,5,39,22,27,8,32,,4
1265,Saturday 3 September 2011,16,37,19,26,1,7,28,,5
1264,Saturday 27 August 2011,32,38,23,37,25,31,13,,3
1263,Saturday 20 August 2011,4,2,29,15,28,30,19,,3
1262,Saturday 13 August 2011,39,40,9,24,35,19,12,,6
1261,Saturday 6 August 2011,14,36,26,13,1,22,7,,5
1260,Saturday 30 July 2011,27,26,39,25,5,16,17,,10
1259,Saturday 23 July 2011,8,10,39,6,33,23,2,,1
1258,Saturday 16 July 2011,35,23,17,25,6,22,7,,3
1257,Saturday 9 July 2011,39,20,37,32,15,18,31,,9
1256,Saturday 2 July 2011,36,19,28,1,30,2,27,,10
1255,Saturday 25 June 2011,18,39,34,3,26,17,25,,2
1254,Saturday 18 June 2011,32,15,25,21,16,30,13,,5
1253,Saturday 11 June 2011,1,28,2,40,27,7,31,,1
1252,Saturday 4 June 2011,2,26,20,25,22,38,12,,3
1251,Saturday 28 May 2011,33,27,21,26,7,9,4,,3
1250,Saturday 21 May 2011,31,22,15,7,27,12,11,,8
1249,Saturday 14 May 2011,28,30,20,34,12,6,33,,2
1248,Saturday 7 May 2011,37,28,27,24,36,30,20,,2
1247,Saturday 30 April 2011,8,28,37,4,5,20,36,,1
1246,Saturday 23 April 2011,16,31,27,13,23,18,6,,10
1245,Saturday 16 April 2011,17,39,38,24,8,4,15,,10
1244,Saturday 9 April 2011,8,20,35,18,5,3,10,,3
1243,Saturday 2 April 2011,25,31,13,28,34,8,21,,8
1242,Saturday 26 March 2011,19,22,13,10,3,33,38,,5
1241,Saturday 19 March 2011,1,40,18,29,24,21,35,,6
1240,Saturday 12 March 2011,33,1,38,10,19,9,23,,2
1239,Saturday 5 March 2011,25,8,23,40,1,31,28,,10
1238,Saturday 26 February 2011,4,27,6,17,12,32,25,,9
1237,Saturday 19 February 2011,2,15,27,37,17,32,13,,6
1236,Saturday 12 February 2011,27,37,38,29,36,7,19,,4
1235,Saturday 5 February 2011,13,33,6,36,5,31,40,,2
1234,Saturday 29 January 2011,22,5,2,29,1,12,9,,1
1233,Saturday 22 January 2011,30,33,19,13,34,18,40,,4
1232,Saturday 15 January 2011,2,15,1,32,36,10,35,,10
1231,Saturday 8 January 2011,5,16,10,36,20,37,30,,10
1230,Saturday 1 January 2011,34,29,5,37,10,13,7,,8
1229,Saturday 25 December 2010,22,12,10,3,25,6,28,,5
1228,Saturday 18 December 2010,19,38,28,26,1,39,27,,4
1227,Saturday 11 December 2010,13,2,16,3,11,26,8,,8
1226,Saturday 4 December 2010,34,1,14,19,32,21,30,,10
1225,Saturday 27 November 2010,38,8,1,36,32,7,21,,3
1224,Saturday 20 November 2010,30,6,12,23,17,9,3,,8
1223,Saturday 13 November 2010,28,19,15,6,33,35,36,,10
1222,Saturday 6 November 2010,31,20,11,28,38,32,10,,1
1221,Saturday 30 October 2010,25,2,21,16,7,28,13,,2
1220,Saturday 23 October 2010,37,34,23,4,40,27,13,,10
1219,Saturday 16 October 2010,38,31,15,14,35,9,29,,10
1218,Saturday 9 October 2010,6,38,1,28,22,35,32,,9
1217,Saturday 2 October 2010,40,37,13,30,34,5,38,,2
1216,Saturday 25 September 2010,4,14,11,32,5,27,1,,10
1215,Saturday 18 September 2010,32,9,23,19,12,37,4,,4
1214,Saturday 11 September 2010,1,5,2,31,39,34,25,,2
1213,Saturday 4 September 2010,16,36,18,35,39,31,37,,3
1212,Saturday 28 August 2010,11,26,40,3,38,7,12,,6
1211,Saturday 21 August 2010,22,33,23,10,13,17,25,,4
1210,Saturday 14 August 2010,11,29,23,13,2,30,18,,5
1209,Saturday 7 August 2010,18,35,4,34,24,28,14,,6
1208,Saturday 31 July 2010,22,8,28,1,26,38,9,,3
1207,Saturday 24 July 2010,36,11,22,32,1,12,35,,6
1206,Saturday 17 July 2010,35,5,28,10,24,8,36,,6
1205,Saturday 10 July 2010,25,2,18,22,11,10,16,,5
1204,Saturday 3 July 2010,24,1,17,6,34,21,40,,10
1203,Saturday 26 June 2010,28,11,8,35,7,5,25,,8
1202,Saturday 19 June 2010,30,14,37,18,33,36,29,,3
1201,Saturday 12 June 2010,30,38,12,36,32,10,21,,2
1200,Saturday 5 June 2010,20,25,7,30,16,11,34,,6
1199,Saturday 29 May 2010,1,10,12,31,27,21,9,,3
1198,Saturday 22 May 2010,1,36,18,25,14,4,30,,8
1197,Saturday 15 May 2010,16,27,32,26,19,23,25,,10
1196,Saturday 8 May 2010,31,18,10,11,14,22,21,,2
1195,Saturday 1 May 2010,16,20,31,8,4,38,11,,5
1194,Saturday 24 April 2010,30,18,1,33,40,16,23,,8
1193,Saturday 17 April 2010,35,39,30,9,3,29,19,,4
1192,Saturday 10 April 2010,3,21,6,5,27,38,28,,1
1191,Saturday 3 April 2010,17,14,7,36,16,13,28,,8
1190,Saturday 27 March 2010,7,39,37,27,15,12,23,,3
1189,Saturday 20 March 2010,32,25,31,23,19,30,6,,6
1188,Saturday 13 March 2010,7,16,12,14,15,4,22,,6
1187,Saturday 6 March 2010,37,26,30,39,5,11,14,,5
1186,Saturday 27 February 2010,40,16,14,36,9,20,34,,4
1185,Saturday 20 February 2010,37,11,24,38,15,21,36,,4
1184,Saturday 13 February 2010,33,35,38,29,25,14,40,,9
1183,Saturday 6 February 2010,14,19,15,23,36,11,39,,5
1182,Saturday 30 January 2010,13,19,11,8,3,36,29,,7
1181,Saturday 23 January 2010,39,28,3,30,4,34,13,,5
1180,Saturday 16 January 2010,29,22,3,18,11,6,20,,6
1179,Saturday 9 January 2010,40,30,37,21,16,32,12,,8
1178,Saturday 2 January 2010,34,25,39,13,23,21,9,,4
1177,Saturday 26 December 2009,1,18,3,22,40,27,23,,3
1176,Saturday 19 December 2009,39,30,13,1,26,5,18,,2
1175,Saturday 12 December 2009,23,4,21,1,8,6,25,,7
1174,Saturday 5 December 2009,38,30,4,15,32,2,22,,7
1173,Saturday 28 November 2009,22,32,20,5,14,15,7,,3
1172,Saturday 21 November 2009,36,12,22,18,39,25,37,,4
1171,Saturday 14 November 2009,28,30,24,2,5,8,32,,5
1170,Saturday 7 November 2009,5,40,32,18,37,13,23,,5
1169,Saturday 31 October 2009,28,30,9,10,34,13,21,,5
1168,Saturday 24 October 2009,8,2,21,35,31,15,13,,5
1167,Saturday 17 October 2009,12,21,37,33,16,29,3,,6
1166,Saturday 10 October 2009,13,26,33,31,29,35,38,,2
1165,Saturday 3 October 2009,31,1,25,27,15,13,16,,9
1164,Saturday 26 September 2009,13,8,22,33,19,36,29,,5
1163,Saturday 19 September 2009,24,4,25,18,37,13,3,,3
1162,Saturday 12 September 2009,40,10,11,25,4,31,2,,7
1161,Saturday 5 September 2009,1,7,15,31,13,22,14,,7
1160,Saturday 29 August 2009,10,8,23,22,21,20,28,,4
1159,Saturday 22 August 2009,39,19,18,35,13,40,8,,9
1158,Saturday 15 August 2009,17,40,39,27,2,3,22,,1
1157,Saturday 8 August 2009,24,31,23,19,12,35,8,,5
1156,Saturday 1 August 2009,40,19,35,13,12,26,2,,2
1155,Saturday 25 July 2009,19,23,20,16,5,15,27,,2
1154,Saturday 18 July 2009,38,40,16,32,29,4,36,,6
1153,Saturday 11 July 2009,32,24,36,12,9,37,22,,2
1152,Saturday 4 July 2009,2,17,26,7,9,12,31,,8
1151,Saturday 27 June 2009,1,14,30,15,40,32,9,,9
1150,Saturday 20 June 2009,19,22,10,34,38,13,7,,2
1149,Saturday 13 June 2009,31,1,17,32,21,22,2,,10
1148,Saturday 6 June 2009,18,7,39,16,33,40,2,,1
1147,Saturday 30 May 2009,15,31,24,14,30,37,25,,6
1146,Saturday 23 May 2009,34,14,22,12,17,7,15,,10
1145,Saturday 16 May 2009,15,21,18,1,5,11,33,,4
1144,Saturday 9 May 2009,19,12,1,14,20,23,36,,1
1143,Saturday 2 May 2009,3,31,33,40,21,15,1,,6
1142,Saturday 25 April 2009,30,11,38,33,6,37,5,,2
1141,Saturday 18 April 2009,16,25,14,33,11,38,29,,1
1140,Saturday 11 April 2009,16,24,37,35,26,20,9,,8
1139,Saturday 4 April 2009,17,36,8,10,9,22,34,,3
1138,Saturday 28 March 2009,39,17,23,26,3,11,36,,1
1137,Saturday 21 March 2009,3,36,40,20,7,24,18,,8
1136,Saturday 14 March 2009,18,1,22,15,12,8,20,,4
1135,Saturday 7 March 2009,38,15,32,13,18,24,26,,1
1134,Saturday 28 February 2009,4,7,30,5,23,34,15,,5
1133,Saturday 21 February 2009,5,31,12,19,26,11,30,,2
1132,Saturday 14 February 2009,16,33,28,37,36,6,34,,7
1131,Saturday 7 February 2009,25,21,28,5,10,18,1,,2
1130,Saturday 31 January 2009,19,3,21,13,31,37,36,,9
1129,Saturday 24 January 2009,29,19,20,3,17,24,35,,1
1128,Saturday 17 January 2009,37,25,11,17,33,16,21,,2
1127,Saturday 10 January 2009,31,18,7,32,22,10,9,,6
1126,Saturday 3 January 2009,10,26,30,5,18,21,22,,4
1125,Saturday 27 December 2008,2,36,27,16,9,22,5,,2
1124,Saturday 20 December 2008,35,38,25,4,26,27,30,,4
1123,Saturday 13 December 2008,38,18,24,28,31,3,23,,2
1122,Saturday 6 December 2008,39,40,19,10,22,18,21,,3
1121,Saturday 29 November 2008,12,23,2,33,16,13,5,,6
1120,Saturday 22 November 2008,29,38,16,13,30,27,11,,3
1119,Saturday 15 November 2008,40,26,10,6,14,9,37,,2
1118,Saturday 8 November 2008,1,29,37,30,22,19,23,,1
1117,Saturday 1 November 2008,15,37,23,18,14,6,30,,6
1116,Saturday 25 October 2008,22,39,6,19,15,1,35,,3
1115,Saturday 18 October 2008,2,31,5,22,16,40,28,,2
1114,Saturday 11 October 2008,35,8,24,27,4,17,10,,8
1113,Saturday 4 October 2008,8,39,32,10,11,26,36,,8
1112,Saturday 27 September 2008,6,37,29,26,11,34,20,,6
1111,Saturday 20 September 2008,16,11,3,10,15,6,27,,3
1110,Saturday 13 September 2008,2,17,15,27,20,28,39,,8
1109,Saturday 6 September 2008,38,35,31,7,19,25,24,,1
1108,Saturday 30 August 2008,4,26,23,35,3,36,34,,4
1107,Saturday 23 August 2008,30,5,23,24,6,22,13,,6
1106,Saturday 16 August 2008,7,19,6,25,4,35,21,,3
1105,Saturday 9 August 2008,35,4,38,8,37,7,34,,2
1104,Saturday 2 August 2008,2,17,34,18,5,40,32,,5
1103,Saturday 26 July 2008,32,7,17,35,4,24,16,,10
1102,Saturday 19 July 2008,15,21,17,38,40,30,18,,2
1101,Saturday 12 July 2008,17,26,14,16,9,28,7,,2
1100,Saturday 5 July 2008,18,38,10,23,2,30,3,,6
1099,Saturday 28 June 2008,29,7,37,30,36,17,19,,5
1098,Saturday 21 June 2008,21,12,26,11,36,37,9,,10
1097,Saturday 14 June 2008,40,33,28,26,37,35,15,,9
1096,Saturday 7 June 2008,12,34,32,23,31,22,13,,10
1095,Saturday 31 May 2008,23,8,30,14,31,39,9,,8
1094,Saturday 24 May 2008,9,25,23,10,34,1,2,,6
1093,Saturday 17 May 2008,10,27,38,3,35,14,34,,1
1092,Saturday 10 May 2008,30,17,9,15,36,39,7,,9
1091,Saturday 3 May 2008,25,38,33,29,32,14,40,,7
1090,Saturday 26 April 2008,40,35,10,22,16,28,13,,8
1089,Saturday 19 April 2008,24,3,16,11,5,28,14,,6
1088,Saturday 12 April 2008,23,16,12,31,11,29,30,,8
1087,Saturday 5 April 2008,19,33,36,27,7,17,11,,5
1086,Saturday 29 March 2008,5,13,16,38,28,40,25,,4
1085,Saturday 22 March 2008,32,22,21,23,26,30,37,,6
1084,Saturday 15 March 2008,16,40,17,3,25,23,39,,6
1083,Saturday 8 March 2008,35,12,6,18,39,17,4,,9
1082,Saturday 1 March 2008,35,4,32,12,31,29,9,,4
1081,Saturday 23 February 2008,4,36,13,27,32,38,8,,1
1080,Saturday 16 February 2008,3,23,40,14,9,15,33,,8
1079,Saturday 9 February 2008,36,14,40,16,19,39,1,,7
1078,Saturday 2 February 2008,22,32,2,4,38,12,20,,8
1077,Saturday 26 January 2008,10,40,15,22,34,19,17,,4
1076,Saturday 19 January 2008,26,10,38,36,8,12,21,,5
1075,Saturday 12 January 2008,5,14,22,19,40,16,33,,9
1074,Saturday 5 January 2008,21,14,3,8,18,36,35,,3
1073,Saturday 29 December 2007,33,35,30,8,22,38,32,,10
1072,Saturday 22 December 2007,20,38,17,27,31,30,13,,6
1071,Saturday 15 December 2007,11,31,17,28,2,7,35,,1
1070,Saturday 8 December 2007,4,9,34,18,21,8,7,,3
1069,Saturday 1 December 2007,33,3,40,1,38,14,5,,7
1068,Saturday 24 November 2007,38,3,18,4,27,29,30,,5
1067,Saturday 17 November 2007,18,26,24,13,31,37,20,,8
1066,Saturday 10 November 2007,12,39,2,13,37,25,40,,6
1065,Saturday 3 November 2007,15,40,11,23,30,31,7,,6
1064,Saturday 27 October 2007,27,19,32,23,40,25,38,,3
1063,Saturday 20 October 2007,27,37,9,38,34,14,29,,6
1062,Saturday 13 October 2007,26,34,32,29,4,36,27,,1
1061,Saturday 6 October 2007,13,35,21,24,1,14,6,,7
1060,Saturday 29 September 2007,7,4,32,35,20,17,37,,2
1059,Saturday 22 September 2007,24,6,8,14,33,32,26,,5
1058,Saturday 15 September 2007,26,24,12,23,4,7,21,,4
1057,Saturday 8 September 2007,2,28,24,29,23,5,4,,7
1056,Saturday 1 September 2007,22,12,16,15,13,38,23,,5
1055,Saturday 25 August 2007,22,14,19,37,20,35,18,,4
1054,Saturday 18 August 2007,29,9,16,26,2,36,34,,6
1053,Saturday 11 August 2007,4,34,32,8,28,7,9,,2
1052,Saturday 4 August 2007,5,39,24,15,37,34,8,,3
1051,Saturday 28 July 2007,7,30,1,18,26,13,5,,8
1050,Saturday 21 July 2007,30,35,16,15,4,10,1,,8
1049,Saturday 14 July 2007,6,18,36,27,12,38,22,,4
1048,Saturday 7 July 2007,12,13,20,1,25,34,14,,1
1047,Saturday 30 June 2007,13,40,23,1,28,32,38,,2
1046,Saturday 23 June 2007,29,12,2,38,33,30,35,,7
1045,Saturday 16 June 2007,10,15,9,3,7,1,17,,3
1044,Saturday 9 June 2007,23,27,38,2,25,11,1,,8
1043,Saturday 2 June 2007,32,29,19,20,24,17,34,,4
1042,Saturday 26 May 2007,10,39,14,11,17,4,40,,8
1041,Saturday 19 May 2007,35,12,5,8,7,33,23,,8
1040,Saturday 12 May 2007,34,5,14,19,25,6,22,,8
1039,Saturday 5 May 2007,11,4,10,25,38,37,2,,1
1038,Saturday 28 April 2007,3,34,24,17,2,39,27,,3
1037,Saturday 21 April 2007,20,34,36,2,11,39,17,,2
1036,Saturday 14 April 2007,34,13,38,16,29,11,28,,7
1035,Saturday 7 April 2007,33,5,16,11,21,14,23,,1
1034,Saturday 31 March 2007,19,26,10,31,23,15,40,,7
1033,Saturday 24 March 2007,40,31,30,4,9,17,29,,2
1032,Saturday 17 March 2007,15,22,1,30,25,23,28,,8
1031,Saturday 10 March 2007,3,21,18,1,25,7,10,,7
1030,Saturday 3 March 2007,18,25,38,35,32,28,37,,4
1029,Saturday 24 February 2007,35,30,37,20,4,5,25,,5
1028,Saturday 17 February 2007,21,20,27,36,32,38,19,,8
1027,Saturday 10 February 2007,38,5,21,29,35,17,25,,4
1026,Saturday 3 February 2007,16,32,36,27,9,11,15,,8
1025,Saturday 27 January 2007,20,2,24,29,31,21,12,,2
1024,Saturday 20 January 2007,20,12,15,3,27,6,16,,4
1023,Saturday 13 January 2007,23,28,16,9,4,37,39,,8
1022,Saturday 6 January 2007,9,18,1,4,25,34,26,,1
1021,Saturday 30 December 2006,25,9,21,31,22,11,7,,3
1020,Saturday 23 December 2006,37,10,13,16,7,14,22,,6
1019,Saturday 16 December 2006,31,21,4,2,32,27,16,,6
1018,Saturday 9 December 2006,6,30,1,11,13,9,40,,8
1017,Saturday 2 December 2006,28,7,25,10,1,32,20,,6
1016,Saturday 25 November 2006,40,19,35,24,38,10,8,,6
1015,Saturday 18 November 2006,4,31,14,13,39,38,30,,8
1014,Saturday 11 November 2006,23,5,19,11,22,2,29,,6
1013,Saturday 4 November 2006,30,2,15,24,38,11,37,,7
1012,Saturday 28 October 2006,8,29,6,12,27,20,23,,1
1011,Saturday 21 October 2006,2,11,22,13,16,8,31,,4
1010,Saturday 14 October 2006,28,39,12,25,3,37,22,,6
1009,Saturday 7 October 2006,5,10,6,7,2,27,30,,2
1008,Saturday 30 September 2006,3,27,14,29,19,8,36,,3
1007,Saturday 23 September 2006,3,7,17,20,28,33,37,,6
1006,Saturday 16 September 2006,36,2,4,19,39,18,16,,1
1005,Saturday 9 September 2006,24,1,9,3,21,15,33,,4
1004,Saturday 2 September 2006,11,20,10,37,23,25,21,,7
1003,Saturday 26 August 2006,21,23,12,20,39,34,4,,2
1002,Saturday 19 August 2006,12,3,1,17,6,4,2,,2
1001,Saturday 12 August 2006,11,23,17,12,40,38,34,,4
1000,Saturday 5 August 2006,12,1,11,10,32,25,9,,1
999,Saturday 29 July 2006,20,24,21,23,16,5,26,,6
998,Saturday 22 July 2006,29,39,18,13,38,35,20,,5
997,Saturday 15 July 2006,29,39,26,7,27,24,1,,2
996,Saturday 8 July 2006,28,16,39,6,21,37,30,,5
995,Saturday 1 July 2006,12,20,27,29,26,16,18,,6
994,Saturday 24 June 2006,24,19,26,17,37,11,3,,5
993,Saturday 17 June 2006,3,4,5,7,12,1,21,,1
992,Saturday 10 June 2006,38,4,40,9,36,15,33,,4
991,Saturday 3 June 2006,28,18,3,7,9,30,23,,2
990,Saturday 27 May 2006,19,36,34,30,35,33,14,,1
989,Saturday 20 May 2006,24,22,27,13,6,8,1,,6
988,Saturday 13 May 2006,25,1,10,9,28,15,6,,2
987,Saturday 6 May 2006,29,31,32,22,13,15,19,,6
986,Saturday 29 April 2006,10,32,7,27,40,2,4,,2
985,Saturday 22 April 2006,19,37,11,8,35,26,40,,5
984,Saturday 15 April 2006,33,12,7,5,10,23,26,,3
983,Saturday 8 April 2006,32,34,17,13,10,23,5,,5
982,Saturday 1 April 2006,30,33,25,37,11,17,6,,6
981,Saturday 25 March 2006,17,13,28,15,26,12,23,,1
980,Saturday 18 March 2006,30,38,39,5,25,21,12,,4
979,Saturday 11 March 2006,26,37,19,22,11,23,12,,3
978,Saturday 4 March 2006,20,16,24,14,12,4,2,,7
977,Saturday 25 February 2006,38,40,15,21,17,39,14,,1
976,Saturday 18 February 2006,18,21,30,22,32,4,20,,3
975,Saturday 11 February 2006,29,26,36,28,7,31,24,,3
974,Saturday 4 February 2006,15,12,14,13,40,32,18,,4
973,Saturday 28 January 2006,25,20,35,7,32,17,8,,1
972,Saturday 21 January 2006,40,18,9,13,21,26,3,,7
971,Saturday 14 January 2006,6,34,30,17,32,10,31,,2
970,Saturday 7 January 2006,6,14,28,16,30,29,21,,7
969,Saturday 31 December 2005,29,21,35,19,25,36,23,,4
968,Saturday 24 December 2005,22,5,14,32,3,23,27,,7
967,Saturday 17 December 2005,6,31,5,12,25,33,17,,1
966,Saturday 10 December 2005,36,11,32,20,22,9,35,,1
965,Saturday 3 December 2005,18,10,2,5,12,16,32,,6
964,Saturday 26 November 2005,33,26,3,1,22,31,4,,1
963,Saturday 19 November 2005,24,17,26,40,4,2,1,,6
962,Saturday 12 November 2005,28,20,27,39,31,16,36,,8
961,Saturday 5 November 2005,36,4,14,25,24,34,3,,3
960,Saturday 29 October 2005,23,24,20,35,33,37,9,,6
959,Saturday 22 October 2005,9,11,16,12,1,14,5,,2
958,Saturday 15 October 2005,40,24,8,35,28,1,18,,1
957,Saturday 8 October 2005,40,22,29,6,8,5,32,,8
956,Saturday 1 October 2005,26,38,36,37,24,17,8,,6
955,Saturday 24 September 2005,28,9,39,31,17,8,13,,6
954,Saturday 17 September 2005,9,24,20,36,4,8,15,,7
953,Saturday 10 September 2005,8,35,22,2,31,33,20,,4
952,Saturday 3 September 2005,31,20,3,6,19,16,12,,1
951,Saturday 27 August 2005,6,28,18,33,4,9,17,,5
950,Saturday 20 August 2005,5,13,29,30,22,23,25,,2
949,Saturday 13 August 2005,34,24,12,11,5,32,16,,8
948,Saturday 6 August 2005,8,21,31,23,6,13,29,,8
947,Saturday 30 July 2005,32,1,21,14,23,15,12,,5
946,Saturday 23 July 2005,17,32,34,23,21,1,24,,3
945,Saturday 16 July 2005,28,21,11,14,19,35,16,,5
944,Saturday 9 July 2005,1,21,10,29,25,19,2,,6
943,Saturday 2 July 2005,37,20,22,34,11,12,26,,2
942,Saturday 25 June 2005,40,9,20,15,5,32,25,,4
941,Saturday 18 June 2005,18,17,10,9,26,4,37,,1
940,Saturday 11 June 2005,24,5,27,31,34,23,4,,8
939,Saturday 4 June 2005,5,18,14,37,1,40,28,,3
938,Saturday 28 May 2005,34,5,38,1,13,22,20,,1
937,Saturday 21 May 2005,13,6,39,15,37,18,17,,4
936,Saturday 14 May 2005,15,19,25,21,39,27,6,,2
935,Saturday 7 May 2005,19,7,8,20,13,33,31,,5
934,Saturday 30 April 2005,30,24,19,40,36,37,38,,3
933,Saturday 23 April 2005,30,36,28,16,4,27,25,,8
932,Saturday 16 April 2005,27,29,17,31,2,4,23,,4
931,Saturday 9 April 2005,29,18,21,31,23,7,13,,5
930,Saturday 2 April 2005,15,26,28,10,29,20,17,,7
929,Wednesday 30 March 2005,37,39,21,27,10,16,1,,8
928,Saturday 26 March 2005,17,38,9,19,22,35,13,,1
927,Saturday 19 March 2005,8,25,4,32,37,21,30,,3
926,Saturday 12 March 2005,28,8,35,20,16,40,7,,7
925,Saturday 5 March 2005,27,11,33,18,32,25,19,,7
924,Saturday 26 February 2005,36,16,3,27,9,31,34,,6
923,Saturday 19 February 2005,6,37,2,33,32,26,5,,6
922,Saturday 12 February 2005,16,26,39,29,27,31,18,,7
921,Saturday 5 February 2005,30,38,18,4,22,36,19,,8
920,Saturday 29 January 2005,25,34,29,19,35,13,31,,4
919,Saturday 22 January 2005,2,24,36,13,39,21,12,,4
918,Saturday 15 January 2005,14,26,39,1,20,6,19,,3
917,Saturday 8 January 2005,37,38,34,7,9,36,23,,7
916,Saturday 1 January 2005,38,18,30,22,32,12,6,,3
915,Saturday 25 December 2004,8,27,24,1,9,30,6,,2
914,Wednesday 22 December 2004,1,6,14,36,4,35,33,,3
913,Saturday 18 December 2004,9,38,26,35,20,19,24,,6
912,Wednesday 15 December 2004,21,7,27,3,34,5,35,,2
911,Saturday 11 December 2004,39,22,36,38,10,12,25,,7
910,Saturday 4 December 2004,15,9,31,6,14,26,33,,3
909,Saturday 27 November 2004,33,25,40,30,32,26,21,,4
908,Saturday 20 November 2004,34,23,19,39,21,2,37,,6
907,Saturday 13 November 2004,24,15,1,32,31,9,20,,8
906,Saturday 6 November 2004,31,30,40,34,22,24,3,,5
905,Saturday 30 October 2004,6,1,38,40,20,16,4,,5
904,Saturday 23 October 2004,2,5,36,39,7,17,19,,6
903,Saturday 16 October 2004,27,2,20,37,35,23,6,,8
902,Saturday 9 October 2004,22,39,21,11,2,25,1,,1
901,Saturday 2 October 2004,38,20,18,12,27,34,24,,3
900,Saturday 25 September 2004,32,38,12,3,4,11,23,,1
899,Saturday 18 September 2004,18,39,26,29,33,27,28,,3
898,Saturday 11 September 2004,7,34,24,21,19,15,37,,7
897,Saturday 4 September 2004,30,19,33,28,20,8,15,,7
896,Saturday 28 August 2004,25,39,4,10,30,1,6,,8
895,Saturday 21 August 2004,11,21,6,38,20,9,12,,5
894,Saturday 14 August 2004,24,3,1,32,34,28,23,,8
893,Saturday 7 August 2004,2,1,33,39,32,3,6,25,5
892,Saturday 31 July 2004,35,28,10,14,26,8,5,6,5
891,Saturday 24 July 2004,32,33,19,4,18,29,17,2,1
890,Saturday 17 July 2004,23,11,17,30,21,8,33,5,7
889,Saturday 10 July 2004,21,15,35,33,29,18,2,6,4
888,Saturday 3 July 2004,31,21,13,30,12,24,33,26,3
887,Saturday 26 June 2004,21,19,4,35,37,8,10,6,1
886,Saturday 19 June 2004,33,19,10,8,36,26,7,39,6
885,Saturday 12 June 2004,16,2,13,17,6,33,21,36,1
884,Saturday 5 June 2004,5,31,37,18,27,9,24,32,3
883,Saturday 29 May 2004,38,9,11,1,40,6,5,8,3
882,Saturday 22 May 2004,39,16,31,28,8,17,25,38,1
881,Saturday 15 May 2004,18,25,36,8,9,17,21,7,5
880,Saturday 8 May 2004,10,28,7,40,31,12,14,18,8
879,Saturday 1 May 2004,26,31,27,11,21,14,30,4,2
878,Saturday 24 April 2004,23,18,1,32,15,11,22,2,7
877,Saturday 17 April 2004,31,10,20,29,33,36,8,30,8
876,Saturday 10 April 2004,13,33,36,39,14,23,32,17,6
875,Saturday 3 April 2004,35,13,8,6,21,12,34,37,4
874,Saturday 27 March 2004,29,33,31,19,13,12,23,9,4
873,Saturday 20 March 2004,6,9,30,7,8,25,26,35,1
872,Saturday 13 March 2004,13,5,26,1,9,4,10,14,3
871,Saturday 6 March 2004,21,32,11,4,10,16,7,39,4
870,Saturday 28 February 2004,16,5,39,8,19,7,34,29,5
869,Saturday 21 February 2004,19,27,13,32,7,21,23,17,3
868,Saturday 14 February 2004,27,25,8,19,40,4,36,21,1
867,Saturday 7 February 2004,7,2,26,15,29,33,35,27,1
866,Saturday 31 January 2004,20,35,7,33,34,9,18,40,1
865,Saturday 24 January 2004,11,31,39,10,32,24,9,15,3
864,Saturday 17 January 2004,8,33,36,7,3,38,6,16,1
863,Saturday 10 January 2004,30,26,13,5,25,2,7,21,5
862,Saturday 3 January 2004,10,14,7,35,34,15,11,2,1
861,Wednesday 31 December 2003,35,18,2,17,22,28,10,39,5
860,Saturday 27 December 2003,19,1,34,10,35,38,15,21,3
859,Saturday 20 December 2003,11,22,29,4,6,3,31,12,5
858,Saturday 13 December 2003,34,16,14,15,2,22,9,20,3
857,Saturday 6 December 2003,35,17,38,30,22,6,26,21,1
856,Saturday 29 November 2003,37,1,19,15,23,11,6,24,2
855,Saturday 22 November 2003,25,5,16,39,24,32,3,37,7
854,Saturday 15 November 2003,27,21,2,10,17,22,31,34,6
853,Saturday 8 November 2003,25,13,12,39,27,36,5,38,1
852,Saturday 1 November 2003,15,35,10,19,27,13,21,26,3
851,Saturday 25 October 2003,22,35,19,26,30,2,28,25,6
850,Saturday 18 October 2003,21,3,31,1,24,30,34,10,2
849,Saturday 11 October 2003,24,32,9,26,28,31,23,25,5
848,Saturday 4 October 2003,29,28,30,32,35,14,22,27,6
847,Saturday 27 September 2003,33,20,16,5,35,26,12,4,6
846,Saturday 20 September 2003,14,27,40,25,35,16,38,30,7
845,Saturday 13 September 2003,14,19,30,13,6,26,3,33,2
844,Saturday 6 September 2003,18,39,25,21,13,19,37,14,2
843,Saturday 30 August 2003,7,40,23,33,18,28,39,8,3
842,Saturday 23 August 2003,27,24,1,28,4,7,10,31,3
841,Saturday 16 August 2003,16,17,19,7,12,9,20,38,5
840,Saturday 9 August 2003,36,13,3,23,37,35,16,32,4
839,Saturday 2 August 2003,19,29,32,3,6,8,39,38,1
838,Saturday 26 July 2003,30,39,27,11,35,20,8,36,4
837,Saturday 19 July 2003,32,5,35,1,38,40,11,15,5
836,Saturday 12 July 2003,33,5,24,23,27,25,18,4,5
835,Saturday 5 July 2003,19,14,37,11,9,36,20,8,2
834,Saturday 28 June 2003,16,6,33,23,22,35,25,24,1
833,Saturday 21 June 2003,30,20,10,35,32,25,19,24,8
832,Saturday 14 June 2003,14,13,16,12,19,24,40,6,1
831,Saturday 7 June 2003,16,9,1,14,29,19,26,4,1
830,Saturday 31 May 2003,20,17,39,23,25,3,36,27,3
829,Saturday 24 May 2003,22,4,10,37,25,1,23,40,8
828,Saturday 17 May 2003,12,29,37,14,25,20,22,19,3
827,Saturday 10 May 2003,40,26,16,3,1,36,21,9,3
826,Saturday 3 May 2003,10,28,36,17,18,33,22,25,8
825,Saturday 26 April 2003,40,13,18,15,24,33,35,30,1
824,Saturday 19 April 2003,3,4,35,10,28,25,27,11,3
823,Saturday 12 April 2003,2,4,31,6,39,21,35,28,5
822,Saturday 5 April 2003,38,23,15,11,21,14,33,22,3
821,Saturday 29 March 2003,28,23,36,1,16,14,12,20,8
820,Saturday 22 March 2003,25,17,38,3,13,1,40,21,6
819,Saturday 15 March 2003,21,15,11,23,9,24,6,4,2
818,Saturday 8 March 2003,7,14,34,10,30,6,15,32,6
817,Saturday 1 March 2003,39,22,32,8,29,36,18,40,4
816,Saturday 22 February 2003,31,25,19,26,30,8,37,7,8
815,Saturday 15 February 2003,30,28,10,23,7,16,8,37,2
814,Saturday 8 February 2003,31,22,27,36,13,8,5,32,2
813,Saturday 1 February 2003,3,35,6,8,9,39,11,21,5
812,Saturday 25 January 2003,11,33,26,13,1,10,24,36,3
811,Saturday 18 January 2003,36,8,31,12,9,38,34,21,3
810,Saturday 11 January 2003,36,24,15,38,11,23,40,13,1
809,Saturday 4 January 2003,1,27,6,3,23,38,24,40,2
808,Saturday 28 December 2002,27,36,40,31,25,19,15,16,1
807,Saturday 21 December 2002,5,3,19,25,31,35,1,34,8
806,Saturday 14 December 2002,10,24,16,18,14,28,38,1,2
805,Saturday 7 December 2002,1,34,39,14,38,37,26,18,8
804,Saturday 30 November 2002,18,12,37,1,11,36,9,27,4
803,Saturday 23 November 2002,25,33,21,14,38,5,3,32,5
802,Saturday 16 November 2002,33,29,3,8,2,35,12,5,4
801,Saturday 9 November 2002,2,9,33,22,1,32,6,37,6
800,Saturday 2 November 2002,13,25,3,11,21,14,10,16,2
799,Saturday 26 October 2002,23,26,40,4,12,38,37,,1
798,Saturday 19 October 2002,24,20,2,35,6,10,16,,6
797,Saturday 12 October 2002,36,32,35,13,24,40,4,,5
796,Saturday 5 October 2002,11,5,22,20,27,36,33,,5
795,Saturday 28 September 2002,1,14,37,26,2,28,6,,4
794,Saturday 21 September 2002,34,26,3,21,10,22,6,,4
793,Saturday 14 September 2002,27,13,25,19,18,7,4,,7
792,Saturday 7 September 2002,13,3,39,36,16,14,9,,5
791,Saturday 31 August 2002,32,29,16,38,33,40,18,,7
790,Saturday 24 August 2002,35,21,8,13,25,2,14,,3
789,Saturday 17 August 2002,21,11,22,7,17,28,26,,3
788,Saturday 10 August 2002,23,37,30,32,2,1,31,,8
787,Saturday 3 August 2002,27,6,25,4,2,1,31,,5
786,Saturday 27 July 2002,21,23,32,22,9,19,35,,8
785,Saturday 20 July 2002,6,8,7,30,18,5,38,,4
784,Saturday 13 July 2002,19,23,10,35,14,7,36,,1
783,Saturday 6 July 2002,4,31,11,3,28,35,17,,1
782,Saturday 29 June 2002,7,17,18,33,13,27,3,,8
781,Saturday 22 June 2002,29,26,30,17,7,3,5,,3
780,Saturday 15 June 2002,15,40,8,19,25,33,22,,4
779,Saturday 8 June 2002,24,16,2,27,22,26,37,,1
778,Saturday 1 June 2002,23,20,9,3,39,12,26,,6
777,Saturday 25 May 2002,27,10,39,13,8,18,1,,8
776,Saturday 18 May 2002,38,15,26,1,29,20,34,,2
775,Saturday 11 May 2002,14,7,30,10,29,24,23,,2
774,Saturday 4 May 2002,8,20,32,23,29,38,26,,7
773,Saturday 27 April 2002,1,39,27,16,15,20,5,,5
772,Saturday 20 April 2002,9,15,11,23,13,26,37,,5
771,Saturday 13 April 2002,22,13,17,40,19,36,27,,6
770,Saturday 6 April 2002,32,38,9,30,27,6,19,,8
769,Saturday 30 March 2002,20,12,23,10,40,5,33,,1
768,Saturday 23 March 2002,15,7,28,9,13,4,25,,1
767,Saturday 16 March 2002,25,15,14,3,40,28,27,,3
766,Saturday 9 March 2002,14,1,15,21,5,31,25,,1
765,Saturday 2 March 2002,40,16,18,20,29,3,25,,6
764,Saturday 23 February 2002,35,11,34,12,7,26,24,,1
763,Saturday 16 February 2002,27,37,29,26,25,20,36,,1
762,Saturday 9 February 2002,5,40,21,39,28,2,7,,8
761,Saturday 2 February 2002,37,11,15,35,13,14,7,,3
760,Saturday 26 January 2002,29,16,2,4,37,23,39,,4
759,Saturday 19 January 2002,19,10,36,2,31,21,1,,3
758,Saturday 12 January 2002,18,33,8,4,23,24,11,,8
757,Saturday 5 January 2002,35,13,31,20,23,2,34,,7
756,Saturday 29 December 2001,30,22,6,3,39,36,17,,4
755,Saturday 22 December 2001,8,23,32,5,29,9,31,,4
754,Saturday 15 December 2001,2,7,19,20,36,13,35,,4
753,Saturday 8 December 2001,38,37,13,40,28,36,22,,2
752,Saturday 1 December 2001,7,39,2,17,18,19,32,,4
751,Saturday 24 November 2001,5,3,20,9,27,6,29,,2
750,Saturday 17 November 2001,12,28,10,35,37,17,20,,6
749,Saturday 10 November 2001,2,8,30,26,7,32,31,,2
748,Saturday 3 November 2001,38,2,13,3,31,25,20,,6
747,Saturday 27 October 2001,26,30,39,16,3,34,29,,7
746,Saturday 20 October 2001,3,23,9,20,39,34,8,,7
745,Saturday 13 October 2001,1,14,24,9,23,35,37,,4
744,Saturday 6 October 2001,39,24,19,4,18,15,36,,2
743,Saturday 29 September 2001,24,7,4,17,30,31,8,,7
742,Saturday 22 September 2001,27,34,38,36,8,29,24,,3
741,Saturday 15 September 2001,10,11,37,1,39,30,18,,1
740,Saturday 8 September 2001,18,31,23,36,35,19,17,,5
739,Saturday 1 September 2001,7,39,11,37,27,30,21,,4
738,Saturday 25 August 2001,6,29,3,8,31,30,10,,8
737,Saturday 18 August 2001,26,19,9,39,2,3,12,,3
736,Saturday 11 August 2001,17,15,30,14,7,16,37,,2
735,Saturday 4 August 2001,26,23,11,28,6,1,32,,8
734,Saturday 28 July 2001,17,32,29,15,24,14,40,,7
733,Saturday 21 July 2001,5,16,3,34,12,27,4,,6
732,Saturday 14 July 2001,17,13,36,2,40,15,24,,6
731,Saturday 7 July 2001,40,9,7,26,32,27,16,,3
730,Saturday 30 June 2001,18,10,24,1,4,11,34,,3
729,Saturday 23 June 2001,9,23,27,12,21,19,30,,3
728,Saturday 16 June 2001,38,4,8,5,6,30,37,,7
727,Saturday 9 June 2001,40,11,7,27,26,21,23,,4
726,Saturday 2 June 2001,22,2,15,36,3,31,14,,2
725,Saturday 26 May 2001,1,28,18,27,34,6,14,,8
724,Saturday 19 May 2001,9,20,11,23,27,35,3,,7
723,Saturday 12 May 2001,12,18,33,3,35,21,16,,2
722,Saturday 5 May 2001,3,20,15,24,27,8,1,,5
721,Saturday 28 April 2001,2,3,19,20,13,8,26,,4
720,Saturday 21 April 2001,34,11,14,23,29,10,36,,7
719,Saturday 14 April 2001,6,12,40,35,39,38,20,,1
718,Saturday 7 April 2001,29,39,18,35,13,23,40,,2
717,Saturday 31 March 2001,2,28,4,8,27,16,7,,3
716,Saturday 24 March 2001,32,25,21,15,23,36,22,,1
715,Saturday 17 March 2001,4,34,7,3,13,12,1,,1
714,Saturday 10 March 2001,12,36,29,31,27,9,4,,1
713,Saturday 3 March 2001,33,16,36,37,19,8,11,,5
712,Saturday 24 February 2001,30,23,39,33,25,8,16,,6
711,Saturday 17 February 2001,37,12,13,14,6,11,29,,3
710,Saturday 10 February 2001,9,15,2,33,19,25,1,,
709,Saturday 3 February 2001,39,27,7,16,4,14,6,,
708,Saturday 27 January 2001,10,5,2,1,12,13,16,,
707,Saturday 20 January 2001,38,9,37,29,4,6,10,,
706,Saturday 13 January 2001,27,33,11,39,9,21,24,,
705,Saturday 6 January 2001,8,20,7,6,1,36,35,,
704,Saturday 30 December 2000,12,1,30,36,32,40,10,,
703,Saturday 23 December 2000,22,27,12,32,38,10,31,,
702,Saturday 16 December 2000,20,29,39,10,8,23,36,,
701,Saturday 9 December 2000,16,17,31,13,12,7,14,,
700,Saturday 2 December 2000,16,27,40,35,38,13,4,,
699,Saturday 25 November 2000,3,8,36,15,23,32,9,,
698,Saturday 18 November 2000,38,29,15,3,2,27,6,,
697,Saturday 11 November 2000,25,27,26,3,39,10,12,,
696,Saturday 4 November 2000,2,31,29,37,5,3,35,,
695,Saturday 28 October 2000,24,10,27,6,9,29,18,,
694,Saturday 21 October 2000,1,14,13,29,5,32,28,,
693,Saturday 14 October 2000,6,13,29,35,25,38,39,,
692,Saturday 7 October 2000,11,21,4,38,34,6,15,,
691,Saturday 30 September 2000,26,29,20,8,36,24,15,,
690,Saturday 23 September 2000,6,38,8,37,27,5,29,,
689,Saturday 16 September 2000,7,31,1,27,18,4,15,,
688,Saturday 9 September 2000,23,17,37,26,27,4,36,,
687,Saturday 2 September 2000,22,11,3,23,17,2,34,,
686,Saturday 26 August 2000,3,20,2,33,28,29,32,,
685,Saturday 19 August 2000,21,1,7,31,16,37,28,,
684,Saturday 12 August 2000,36,3,27,13,40,18,35,,
683,Saturday 5 August 2000,1,36,16,17,6,40,33,,
682,Saturday 29 July 2000,35,25,24,30,27,22,5,,
681,Saturday 22 July 2000,25,5,11,35,38,3,12,,
680,Saturday 15 July 2000,13,27,7,9,34,20,6,,
679,Saturday 8 July 2000,3,40,17,33,14,1,23,,
678,Saturday 1 July 2000,31,28,19,2,33,30,7,,
677,Saturday 24 June 2000,25,18,4,8,34,24,33,,
676,Saturday 17 June 2000,25,15,24,14,3,8,19,,
675,Saturday 10 June 2000,10,38,26,12,9,27,1,,
674,Saturday 3 June 2000,37,23,35,31,1,33,19,,
673,Saturday 27 May 2000,18,27,17,11,39,12,21,,
672,Saturday 20 May 2000,24,36,20,40,12,27,22,,
671,Saturday 13 May 2000,38,19,6,27,23,5,24,,
670,Saturday 6 May 2000,5,24,34,28,40,9,6,,
669,Saturday 29 April 2000,19,39,25,31,13,18,14,,
668,Saturday 22 April 2000,33,38,2,24,13,12,21,,
667,Saturday 15 April 2000,13,17,32,18,39,31,36,,
666,Saturday 8 April 2000,9,5,27,38,10,15,32,,
665,Saturday 1 April 2000,28,10,26,23,25,36,34,,
664,Saturday 25 March 2000,9,33,24,5,14,1,29,,
663,Saturday 18 March 2000,20,4,21,18,8,29,26,,
662,Saturday 11 March 2000,35,28,7,33,40,22,1,,
661,Saturday 4 March 2000,2,15,26,13,30,39,12,,
660,Saturday 26 February 2000,35,27,12,33,1,31,18,,
659,Saturday 19 February 2000,22,1,19,8,2,29,36,,
658,Saturday 12 February 2000,4,27,20,39,13,21,28,,
657,Saturday 5 February 2000,6,32,9,26,36,21,35,,
656,Saturday 29 January 2000,13,31,23,22,28,9,4,,
655,Saturday 22 January 2000,4,22,27,10,33,9,13,,
654,Saturday 15 January 2000,40,10,12,11,39,26,38,,
653,Saturday 8 January 2000,23,7,33,2,28,15,19,,
652,Wednesday 5 January 2000,8,34,11,17,10,18,37,,
651,Friday 31 December 1999,30,23,20,27,21,38,5,,
650,Saturday 25 December 1999,34,38,29,21,39,11,10,,
649,Saturday 18 December 1999,13,24,29,22,21,19,30,,
648,Saturday 11 December 1999,12,27,13,32,15,14,16,,
647,Saturday 4 December 1999,9,37,31,29,13,11,6,,
646,Saturday 27 November 1999,13,23,18,34,8,3,20,,
645,Saturday 20 November 1999,4,6,34,3,2,28,18,,
644,Saturday 13 November 1999,21,27,22,23,2,31,40,,
643,Saturday 6 November 1999,37,38,9,20,19,36,31,,
642,Saturday 30 October 1999,11,4,17,7,35,12,32,,
641,Saturday 23 October 1999,15,25,39,10,34,23,8,,
640,Saturday 16 October 1999,38,8,17,23,32,30,16,,
639,Saturday 9 October 1999,36,39,35,33,16,3,17,,
638,Saturday 2 October 1999,21,20,16,24,32,18,17,,
637,Saturday 25 September 1999,20,13,10,3,22,40,30,,
636,Saturday 18 September 1999,22,8,39,15,4,11,1,,
635,Saturday 11 September 1999,7,37,25,23,1,14,3,,
634,Saturday 4 September 1999,36,14,13,34,4,21,3,,
633,Saturday 28 August 1999,24,27,39,15,26,10,20,,
632,Saturday 21 August 1999,3,15,37,38,1,30,22,,
631,Saturday 14 August 1999,28,25,11,17,36,37,8,,
630,Saturday 7 August 1999,40,39,4,18,26,21,2,,
629,Saturday 31 July 1999,27,1,22,9,13,2,39,,
628,Saturday 24 July 1999,19,11,16,27,13,14,39,,
627,Saturday 17 July 1999,37,8,10,2,25,22,34,,
626,Saturday 10 July 1999,30,33,3,38,28,39,11,,
625,Saturday 3 July 1999,1,2,12,9,37,25,3,,
624,Saturday 26 June 1999,40,39,15,36,34,26,2,,
623,Saturday 19 June 1999,31,7,3,28,10,33,18,,
622,Saturday 12 June 1999,7,32,21,26,8,27,35,,
621,Saturday 5 June 1999,25,17,40,1,39,7,18,,
620,Saturday 29 May 1999,5,25,3,31,19,33,11,,
619,Saturday 22 May 1999,13,19,23,26,25,3,4,,
618,Saturday 15 May 1999,6,40,28,19,16,23,33,,
617,Saturday 8 May 1999,33,23,29,16,20,37,9,,
616,Saturday 1 May 1999,32,38,19,21,27,13,26,,
615,Saturday 24 April 1999,2,28,5,7,13,9,26,,
614,Saturday 17 April 1999,20,35,18,10,28,5,14,,
613,Saturday 10 April 1999,33,35,28,32,13,23,4,,
612,Saturday 3 April 1999,5,4,38,18,20,36,29,,
611,Saturday 27 March 1999,23,37,26,16,2,38,39,,
610,Saturday 20 March 1999,19,33,26,14,39,38,7,,
609,Saturday 13 March 1999,12,1,27,32,2,26,31,,
608,Saturday 6 March 1999,27,22,26,21,18,6,10,,
607,Saturday 27 February 1999,24,6,15,33,27,23,9,,
606,Saturday 20 February 1999,7,4,38,25,16,22,39,,
605,Saturday 13 February 1999,8,5,13,33,31,28,21,,
604,Saturday 6 February 1999,24,3,23,21,38,26,34,,
603,Saturday 30 January 1999,10,21,20,3,24,36,18,,
602,Saturday 23 January 1999,6,36,25,8,29,35,38,,
601,Saturday 16 January 1999,31,28,12,9,1,26,40,,
600,Saturday 9 January 1999,34,24,5,25,10,35,19,,
599,Saturday 2 January 1999,33,12,26,35,38,22,29,,
598,Thursday 31 December 1998,24,26,15,30,7,5,37,,
597,Saturday 26 December 1998,18,9,20,23,33,7,39,,
596,Saturday 19 December 1998,37,4,18,13,21,3,28,,
595,Saturday 12 December 1998,18,33,12,5,39,26,2,,
594,Saturday 5 December 1998,40,21,26,17,7,9,35,,
593,Saturday 28 November 1998,36,32,38,33,34,13,4,,
592,Saturday 21 November 1998,18,28,2,25,16,34,9,,
591,Saturday 14 November 1998,1,11,33,31,5,7,2,,
590,Saturday 7 November 1998,31,8,37,6,10,27,39,,
589,Saturday 31 October 1998,27,2,32,7,34,20,18,,
588,Saturday 24 October 1998,16,8,9,28,22,6,5,,
587,Saturday 17 October 1998,36,14,24,2,12,40,38,,
586,Saturday 10 October 1998,40,2,1,5,3,18,16,,
585,Saturday 3 October 1998,10,12,40,19,8,16,29,,
584,Saturday 26 September 1998,21,34,10,39,14,29,7,,
583,Saturday 19 September 1998,8,34,30,7,24,23,1,,
582,Saturday 12 September 1998,19,40,5,9,15,13,38,,
581,Saturday 5 September 1998,35,36,13,16,1,39,19,,
580,Saturday 29 August 1998,19,5,38,8,36,12,3,,
579,Saturday 22 August 1998,33,12,36,34,21,39,9,,
578,Saturday 15 August 1998,13,12,30,32,10,4,22,,
577,Saturday 8 August 1998,6,20,12,8,37,7,40,,
576,Saturday 1 August 1998,8,12,7,9,2,10,19,,
575,Saturday 25 July 1998,25,19,40,16,31,14,5,,
574,Saturday 18 July 1998,31,18,1,34,29,13,4,,
573,Saturday 11 July 1998,10,14,27,2,1,29,19,,
572,Saturday 4 July 1998,11,19,15,39,18,12,32,,
571,Saturday 27 June 1998,28,35,5,33,29,6,20,,
570,Saturday 20 June 1998,35,15,12,29,34,4,9,,
569,Saturday 13 June 1998,32,11,21,16,37,6,12,,
568,Saturday 6 June 1998,10,29,11,22,12,5,35,,
567,Saturday 30 May 1998,34,20,4,7,19,28,15,,
566,Saturday 23 May 1998,19,1,2,14,26,18,30,,
565,Saturday 16 May 1998,13,1,38,11,17,31,37,,
564,Saturday 9 May 1998,8,1,18,19,26,10,7,,
563,Saturday 2 May 1998,24,18,29,16,11,6,31,,
562,Saturday 25 April 1998,31,22,36,27,34,11,8,,
561,Saturday 18 April 1998,1,33,2,11,3,25,36,,
560,Saturday 11 April 1998,2,3,15,27,24,9,21,,
559,Saturday 4 April 1998,4,39,18,8,35,7,34,,
558,Saturday 28 March 1998,33,8,13,17,34,37,27,,
557,Saturday 21 March 1998,13,11,39,18,14,32,37,,
556,Saturday 14 March 1998,14,8,34,29,33,25,9,,
555,Saturday 7 March 1998,3,4,9,17,23,38,5,,
554,Saturday 28 February 1998,4,8,9,11,30,34,36,,
553,Saturday 21 February 1998,1,9,11,26,35,39,38,,
552,Saturday 14 February 1998,3,6,10,17,25,36,26,,
551,Saturday 7 February 1998,2,3,6,9,17,20,21,,
550,Saturday 31 January 1998,1,6,22,24,26,31,34,,
549,Saturday 24 January 1998,3,8,14,15,18,24,26,,
548,Saturday 17 January 1998,10,12,16,18,22,40,5,,
547,Saturday 10 January 1998,7,9,21,26,33,37,40,,
546,Saturday 3 January 1998,8,24,25,31,32,37,30,,
545,Wednesday 31 December 1997,7,10,12,27,31,32,17,,
544,Saturday 27 December 1997,4,7,19,24,26,40,23,,
543,Saturday 20 December 1997,3,15,17,20,26,31,7,,
542,Saturday 13 December 1997,14,22,24,29,32,37,23,,
541,Saturday 6 December 1997,2,6,11,13,17,30,18,,
540,Saturday 29 November 1997,12,16,20,22,33,38,25,,
539,Saturday 22 November 1997,3,7,16,19,20,34,5,,
538,Saturday 15 November 1997,9,14,18,20,25,36,7,,
537,Saturday 8 November 1997,8,25,28,31,33,39,16,,
536,Saturday 1 November 1997,1,12,15,25,32,34,22,,
535,Saturday 25 October 1997,6,17,22,23,26,38,36,,
534,Saturday 18 October 1997,4,5,8,21,31,38,11,,
533,Saturday 11 October 1997,9,15,17,25,27,36,7,,
532,Saturday 4 October 1997,12,17,20,31,32,33,10,,
531,Saturday 27 September 1997,12,17,20,29,34,38,31,,
530,Saturday 20 September 1997,2,7,16,18,21,34,9,,
529,Saturday 13 September 1997,1,13,15,23,30,40,26,,
528,Saturday 6 September 1997,18,20,23,31,35,40,26,,
527,Saturday 30 August 1997,6,19,22,29,32,33,17,,
526,Saturday 23 August 1997,2,6,18,22,31,39,20,,
525,Saturday 16 August 1997,1,6,10,19,31,38,27,,
524,Saturday 9 August 1997,3,8,13,18,25,39,12,,
523,Saturday 2 August 1997,6,10,19,20,37,39,13,,
522,Saturday 26 July 1997,2,5,9,15,22,34,21,,
521,Saturday 19 July 1997,4,5,9,12,20,37,33,,
520,Saturday 12 July 1997,7,24,26,27,30,32,16,,
519,Saturday 5 July 1997,3,6,14,17,31,33,10,,
518,Saturday 28 June 1997,9,14,21,30,34,40,32,,
517,Saturday 21 June 1997,2,3,7,9,13,15,22,,
516,Saturday 14 June 1997,13,19,22,34,35,37,7,,
515,Saturday 7 June 1997,9,19,20,27,32,35,7,,
514,Saturday 31 May 1997,1,6,13,22,23,35,2,,
513,Saturday 24 May 1997,9,16,20,21,30,31,13,,
512,Saturday 17 May 1997,4,5,13,33,34,39,24,,
511,Saturday 10 May 1997,1,3,4,25,35,40,10,,
510,Saturday 3 May 1997,9,24,28,30,36,39,40,,
509,Saturday 26 April 1997,15,16,32,36,38,39,5,,
508,Saturday 19 April 1997,2,7,10,15,21,35,19,,
507,Saturday 12 April 1997,11,14,19,33,34,35,25,,
506,Saturday 5 April 1997,3,10,27,28,31,33,1,,
505,Saturday 29 March 1997,7,10,29,32,33,39,23,,
504,Saturday 22 March 1997,1,2,5,9,26,31,37,,
503,Saturday 15 March 1997,14,18,21,30,34,36,5,,
502,Saturday 8 March 1997,15,18,21,24,30,32,11,,
501,Saturday 1 March 1997,4,10,23,25,26,35,11,,
500,Saturday 22 February 1997,3,8,17,18,38,40,21,,
499,Saturday 15 February 1997,2,11,14,16,19,40,33,,
498,Saturday 8 February 1997,2,7,9,10,16,25,23,,
497,Saturday 1 February 1997,8,12,15,19,26,30,36,,
496,Saturday 25 January 1997,1,11,22,26,33,39,40,,
495,Saturday 18 January 1997,1,7,20,22,24,30,14,,
494,Saturday 11 January 1997,1,8,12,30,33,38,29,,
493,Saturday 4 January 1997,4,11,14,26,32,38,16,,
492,Saturday 28 December 1996,1,2,8,10,17,33,27,,
491,Saturday 21 December 1996,8,13,15,23,24,32,6,,
490,Saturday 14 December 1996,10,12,19,22,34,35,26,,
489,Saturday 7 December 1996,1,6,20,26,27,30,14,,
488,Saturday 30 November 1996,2,10,12,16,19,23,7,,
487,Saturday 23 November 1996,4,5,7,12,15,39,13,,
486,Saturday 16 November 1996,6,13,22,38,39,40,24,,
485,Saturday 9 November 1996,1,9,10,23,29,34,32,,
484,Saturday 2 November 1996,1,3,20,21,27,31,6,,
483,Saturday 26 October 1996,12,14,25,27,31,33,19,,
482,Saturday 19 October 1996,11,12,17,25,28,37,19,,
481,Saturday 12 October 1996,7,14,16,24,28,40,29,,
480,Saturday 5 October 1996,8,18,20,22,29,33,25,,
479,Saturday 28 September 1996,9,10,12,15,21,26,17,,
478,Saturday 21 September 1996,9,13,29,30,33,34,35,,
477,Saturday 14 September 1996,2,3,11,12,26,39,4,,
476,Saturday 7 September 1996,12,21,25,27,34,37,40,,
475,Saturday 31 August 1996,6,11,13,27,28,29,35,,
474,Saturday 24 August 1996,3,7,8,21,29,39,40,,
473,Saturday 17 August 1996,5,9,10,15,21,30,6,,
472,Saturday 10 August 1996,2,5,11,13,19,28,26,,
471,Saturday 3 August 1996,8,14,18,20,28,31,12,,
470,Saturday 27 July 1996,9,13,14,16,18,30,19,,
469,Saturday 20 July 1996,5,9,15,22,24,36,39,,
468,Saturday 13 July 1996,1,11,12,14,15,34,17,,
467,Saturday 6 July 1996,1,9,24,26,33,36,17,,
466,Saturday 29 June 1996,15,16,18,23,25,40,11,,
465,Saturday 22 June 1996,4,6,11,12,19,20,13,,
464,Saturday 15 June 1996,11,20,24,25,29,40,1,,
463,Saturday 8 June 1996,3,5,9,14,19,22,39,,
462,Saturday 1 June 1996,2,3,18,21,26,36,38,,
461,Saturday 25 May 1996,3,4,6,12,26,32,1,,
460,Saturday 18 May 1996,2,15,17,21,24,38,23,,
459,Saturday 11 May 1996,4,13,14,25,26,37,35,,
458,Saturday 4 May 1996,8,9,13,20,23,36,38,,
457,Saturday 27 April 1996,6,12,15,19,25,29,31,,
456,Saturday 20 April 1996,7,11,15,17,31,33,2,,
455,Saturday 13 April 1996,5,11,23,29,35,39,19,,
454,Saturday 6 April 1996,5,11,15,18,24,29,40,,
453,Saturday 30 March 1996,5,14,20,36,39,40,29,,
452,Saturday 23 March 1996,12,22,25,28,34,40,11,,
451,Saturday 16 March 1996,6,13,18,20,22,24,40,,
450,Saturday 9 March 1996,3,11,16,28,30,40,2,,
449,Saturday 2 March 1996,7,21,26,29,36,37,12,,
448,Saturday 24 February 1996,1,5,22,25,28,30,2,,
447,Saturday 17 February 1996,7,10,15,23,24,27,37,,
446,Saturday 10 February 1996,5,10,19,20,27,30,33,,
445,Saturday 3 February 1996,5,12,13,32,33,38,2,,
444,Saturday 27 January 1996,6,8,13,15,38,39,19,,
443,Saturday 20 January 1996,8,20,22,25,32,34,18,,
442,Saturday 13 January 1996,1,11,22,31,33,34,3,,
441,Saturday 6 January 1996,2,14,16,22,23,34,28,,
440,Saturday 30 December 1995,1,8,9,19,22,30,23,,
439,Saturday 23 December 1995,8,12,23,25,29,30,39,,
438,Saturday 16 December 1995,9,15,23,28,33,34,29,,
437,Saturday 9 December 1995,1,5,7,18,20,40,8,,
436,Saturday 2 December 1995,15,20,25,29,33,38,17,,
435,Saturday 25 November 1995,11,19,20,24,33,35,16,,
434,Saturday 18 November 1995,5,15,19,27,29,33,21,,
433,Saturday 11 November 1995,1,7,15,20,37,38,18,,
432,Saturday 4 November 1995,5,26,29,35,38,39,17,,
431,Saturday 28 October 1995,4,7,12,14,35,38,23,,
430,Saturday 21 October 1995,3,12,13,19,24,28,39,,
429,Saturday 14 October 1995,1,4,11,15,19,24,5,,
428,Saturday 7 October 1995,1,4,21,22,28,30,27,,
427,Saturday 30 September 1995,2,5,14,29,39,40,24,,
426,Saturday 23 September 1995,9,12,19,21,37,40,36,,
425,Saturday 16 September 1995,4,13,21,24,28,38,25,,
424,Saturday 9 September 1995,4,9,16,24,28,33,36,,
423,Saturday 2 September 1995,4,13,14,16,19,22,5,,
422,Saturday 26 August 1995,1,3,12,16,26,40,19,,
421,Saturday 19 August 1995,2,7,10,30,33,39,6,,
420,Saturday 12 August 1995,3,20,25,36,37,38,21,,
419,Saturday 5 August 1995,6,8,16,20,23,25,17,,
418,Saturday 29 July 1995,9,19,22,28,32,34,6,,
417,Saturday 22 July 1995,5,14,18,20,30,31,27,,
416,Saturday 15 July 1995,5,6,7,8,15,22,14,,
415,Saturday 8 July 1995,7,10,17,22,34,38,32,,
414,Saturday 1 July 1995,4,14,20,24,27,31,18,,
413,Saturday 24 June 1995,1,3,5,26,27,35,7,,
412,Saturday 17 June 1995,5,17,18,19,31,36,30,,
411,Saturday 10 June 1995,2,6,10,21,31,35,5,,
410,Saturday 3 June 1995,8,21,23,28,30,32,35,,
409,Saturday 27 May 1995,7,9,11,17,18,28,5,,
408,Saturday 20 May 1995,2,3,13,22,25,35,11,,
407,Saturday 13 May 1995,4,18,27,28,30,39,24,,
406,Saturday 6 May 1995,4,24,26,30,33,37,2,,
405,Saturday 29 April 1995,2,3,12,15,18,26,8,,
404,Saturday 22 April 1995,2,3,21,23,29,33,34,,
403,Saturday 15 April 1995,4,5,13,15,16,21,34,,
402,Saturday 8 April 1995,5,6,11,17,31,34,21,,
401,Saturday 1 April 1995,2,3,15,16,22,39,8,,
400,Saturday 25 March 1995,4,14,22,32,36,39,27,,
399,Saturday 18 March 1995,17,20,22,31,36,38,10,,
398,Saturday 11 March 1995,2,4,12,17,22,25,15,,
397,Saturday 4 March 1995,7,8,9,13,21,32,39,,
396,Saturday 25 February 1995,7,11,26,29,31,37,9,,
395,Saturday 18 February 1995,3,4,20,25,26,37,10,,
394,Saturday 11 February 1995,8,15,19,24,31,40,17,,
393,Saturday 4 February 1995,1,21,22,28,31,40,35,,
392,Saturday 28 January 1995,5,8,15,23,33,37,16,,
391,Saturday 21 January 1995,1,21,22,24,33,40,25,,
390,Saturday 14 January 1995,19,21,22,34,36,39,38,,
389,Saturday 7 January 1995,1,7,15,21,31,37,40,,
388,Saturday 31 December 1994,16,19,24,27,31,39,8,,
387,Saturday 24 December 1994,16,17,23,30,32,38,29,,
386,Saturday 17 December 1994,1,8,12,22,30,39,24,,
385,Saturday 10 December 1994,9,17,21,27,35,36,5,,
384,Saturday 3 December 1994,7,8,10,16,17,40,31,,
383,Saturday 26 November 1994,5,12,16,19,24,27,26,,
382,Saturday 19 November 1994,5,21,28,34,35,36,23,,
381,Saturday 12 November 1994,8,10,12,21,22,26,11,,
380,Saturday 5 November 1994,10,11,24,27,32,40,8,,
379,Saturday 29 October 1994,23,25,26,27,34,35,22,,
378,Saturday 22 October 1994,14,17,28,32,35,39,29,,
377,Saturday 15 October 1994,1,14,16,25,37,39,20,,
376,Saturday 8 October 1994,2,14,18,24,26,38,3,,
375,Saturday 1 October 1994,2,6,7,16,21,40,9,,
374,Saturday 24 September 1994,9,20,22,25,30,39,31,,
373,Saturday 17 September 1994,7,9,30,31,38,40,34,,
372,Saturday 10 September 1994,6,7,9,22,25,36,10,,
371,Saturday 3 September 1994,3,10,14,21,24,32,5,,
370,Saturday 27 August 1994,11,14,18,22,26,38,25,,
369,Saturday 20 August 1994,4,10,12,23,25,35,40,,
368,Saturday 13 August 1994,5,7,12,28,33,34,22,,
367,Saturday 6 August 1994,9,10,12,14,22,23,27,,
366,Saturday 30 July 1994,17,18,23,30,39,40,15,,
365,Saturday 23 July 1994,7,21,25,26,36,39,34,,
364,Saturday 16 July 1994,1,7,20,28,30,38,2,,
363,Saturday 9 July 1994,9,15,18,19,31,39,40,,
362,Saturday 2 July 1994,10,11,14,23,24,31,29,,
361,Saturday 25 June 1994,1,9,10,23,24,30,6,,
360,Saturday 18 June 1994,2,24,29,31,35,37,22,,
359,Saturday 11 June 1994,4,9,22,32,35,38,25,,
358,Saturday 4 June 1994,6,19,25,29,31,33,22,,
357,Saturday 28 May 1994,17,21,33,35,37,39,32,,
356,Saturday 21 May 1994,1,8,14,33,37,38,11,,
355,Saturday 14 May 1994,8,19,20,24,35,39,1,,
354,Saturday 7 May 1994,5,6,18,22,30,34,3,,
353,Saturday 30 April 1994,7,28,29,30,32,37,31,,
352,Saturday 23 April 1994,3,7,9,17,32,33,28,,
351,Saturday 16 April 1994,2,7,22,25,33,34,32,,
350,Saturday 9 April 1994,6,13,22,25,28,33,27,,
349,Saturday 2 April 1994,4,8,32,34,37,38,2,,
348,Saturday 26 March 1994,1,7,8,20,34,40,35,,
347,Saturday 19 March 1994,6,10,19,25,30,38,31,,
346,Saturday 12 March 1994,11,13,17,18,32,36,37,,
345,Saturday 5 March 1994,1,4,5,21,27,37,26,,
344,Saturday 26 February 1994,7,9,10,28,34,40,15,,
343,Saturday 19 February 1994,1,4,24,30,35,36,8,,
342,Saturday 12 February 1994,1,7,10,12,23,39,5,,
341,Saturday 5 February 1994,6,11,14,17,19,40,30,,
340,Saturday 29 January 1994,7,11,13,17,26,28,30,,
339,Saturday 22 January 1994,5,15,22,33,37,40,25,,
338,Saturday 15 January 1994,2,4,8,14,33,38,36,,
337,Saturday 8 January 1994,6,13,15,20,30,38,16,,
336,Saturday 1 January 1994,1,21,32,34,38,40,16,,
335,Saturday 25 December 1993,6,14,33,34,36,38,19,,
334,Saturday 18 December 1993,1,7,10,20,34,40,16,,
333,Saturday 11 December 1993,8,14,20,29,36,39,35,,
332,Saturday 4 December 1993,4,10,20,21,32,34,6,,
331,Saturday 27 November 1993,5,8,15,22,30,34,31,,
330,Saturday 20 November 1993,7,12,13,14,21,24,9,,
329,Saturday 13 November 1993,3,4,18,20,26,31,13,,
328,Saturday 6 November 1993,2,6,16,20,26,33,15,,
327,Saturday 30 October 1993,3,21,23,24,27,28,29,,
326,Saturday 23 October 1993,3,7,21,31,33,35,12,,
325,Saturday 16 October 1993,2,7,20,26,28,30,23,,
324,Saturday 9 October 1993,4,7,13,31,33,34,14,,
323,Saturday 2 October 1993,3,8,15,19,25,30,11,,
322,Saturday 25 September 1993,12,16,18,21,29,40,19,,
321,Saturday 18 September 1993,1,4,12,21,30,32,14,,
320,Saturday 11 September 1993,31,32,33,35,36,38,11,,
319,Saturday 4 September 1993,9,11,22,34,35,40,20,,
318,Saturday 28 August 1993,1,9,11,23,26,34,18,,
317,Saturday 21 August 1993,1,7,10,15,20,35,29,,
316,Saturday 14 August 1993,3,4,5,19,20,23,7,,
315,Saturday 7 August 1993,1,12,19,24,26,32,10,,
314,Saturday 31 July 1993,10,15,24,33,37,40,5,,
313,Saturday 24 July 1993,12,13,14,16,17,23,38,,
312,Saturday 17 July 1993,9,18,20,25,36,39,22,,
311,Saturday 10 July 1993,2,13,16,21,37,39,32,,
310,Saturday 3 July 1993,6,13,15,18,27,29,8,,
309,Saturday 26 June 1993,4,5,20,26,27,31,34,,
308,Saturday 19 June 1993,2,15,21,28,32,36,24,,
307,Saturday 12 June 1993,7,12,14,16,22,34,5,,
306,Saturday 5 June 1993,6,31,34,35,36,37,33,,
305,Saturday 29 May 1993,7,11,13,14,22,36,18,,
304,Saturday 22 May 1993,2,10,13,14,30,31,12,,
303,Saturday 15 May 1993,7,8,19,36,39,40,4,,
302,Saturday 8 May 1993,4,11,18,35,37,39,36,,
301,Saturday 1 May 1993,5,8,21,23,25,31,9,,
300,Saturday 24 April 1993,12,18,26,27,28,37,24,,
299,Saturday 17 April 1993,6,8,9,21,28,34,15,,
298,Saturday 10 April 1993,12,24,27,28,33,36,4,,
297,Saturday 3 April 1993,7,36,8,1,31,4,18,,
296,Saturday 27 March 1993,28,6,26,15,7,33,30,,
295,Saturday 20 March 1993,32,26,3,39,24,28,35,,
294,Saturday 13 March 1993,9,5,31,27,19,25,22,,
293,Saturday 6 March 1993,15,31,3,5,40,17,9,,
292,Saturday 27 February 1993,17,32,25,30,38,20,39,,
291,Saturday 20 February 1993,30,4,28,9,12,36,35,,
290,Saturday 13 February 1993,4,6,3,10,19,38,16,,
289,Saturday 6 February 1993,38,19,28,1,7,23,10,,
288,Saturday 30 January 1993,39,35,12,13,8,6,21,,
287,Saturday 23 January 1993,21,1,29,15,22,12,24,,
286,Saturday 16 January 1993,3,2,14,7,8,26,31,,
285,Saturday 9 January 1993,19,5,29,31,12,28,38,,
284,Saturday 2 January 1993,22,38,2,21,14,24,10,,
283,Saturday 26 December 1992,10,29,19,24,16,33,30,,
282,Saturday 19 December 1992,35,17,3,34,38,29,40,,
281,Saturday 12 December 1992,3,25,6,16,38,5,31,,
280,Saturday 5 December 1992,38,4,35,23,16,14,13,,
279,Saturday 28 November 1992,15,6,14,11,27,36,20,,
278,Saturday 21 November 1992,7,33,19,38,34,37,13,,
277,Saturday 14 November 1992,5,22,25,3,1,37,36,,
276,Saturday 7 November 1992,1,22,33,2,25,18,11,,
275,Saturday 31 October 1992,24,22,3,13,7,38,14,,
274,Saturday 24 October 1992,6,17,24,1,5,10,9,,
273,Saturday 17 October 1992,13,28,23,6,18,34,14,,
272,Saturday 10 October 1992,11,12,21,17,39,33,10,,
271,Saturday 3 October 1992,5,22,25,7,31,38,2,,
270,Saturday 26 September 1992,40,38,9,30,1,10,39,,
269,Saturday 19 September 1992,39,37,21,3,26,12,29,,
268,Saturday 12 September 1992,37,24,16,27,30,21,22,,
267,Saturday 5 September 1992,24,26,32,16,10,22,28,,
266,Saturday 29 August 1992,23,35,19,14,29,3,4,,
265,Saturday 22 August 1992,24,32,31,14,17,10,37,,
264,Saturday 15 August 1992,24,4,29,14,5,17,35,,
263,Saturday 8 August 1992,2,32,8,31,30,5,26,,
262,Saturday 1 August 1992,39,19,7,28,5,18,9,,
261,Saturday 25 July 1992,16,28,13,6,36,12,22,,
260,Saturday 18 July 1992,13,15,38,2,40,8,16,,
259,Saturday 11 July 1992,29,39,15,30,40,23,8,,
258,Saturday 4 July 1992,8,13,16,9,4,32,27,,
257,Saturday 27 June 1992,15,5,17,26,34,4,6,,
256,Saturday 20 June 1992,16,38,28,34,12,20,29,,
255,Saturday 13 June 1992,25,13,28,4,5,18,2,,
254,Saturday 6 June 1992,8,7,37,34,21,11,18,,
253,Saturday 30 May 1992,7,21,32,4,36,6,2,,
252,Saturday 23 May 1992,24,2,9,3,25,22,30,,
251,Saturday 16 May 1992,16,37,15,21,8,35,2,,
250,Saturday 9 May 1992,40,10,18,1,35,20,14,,
249,Saturday 2 May 1992,24,5,8,40,35,38,11,,
248,Saturday 25 April 1992,4,28,15,3,20,37,7,,
247,Saturday 18 April 1992,27,38,12,35,25,17,9,,
246,Saturday 11 April 1992,26,10,9,13,39,22,17,,
245,Saturday 4 April 1992,17,3,8,26,25,38,9,,
244,Saturday 28 March 1992,20,7,14,19,32,11,36,,
243,Saturday 21 March 1992,6,25,33,27,8,1,37,,
242,Saturday 14 March 1992,40,38,6,34,32,36,19,,
241,Saturday 7 March 1992,20,35,1,33,5,27,31,,
240,Saturday 29 February 1992,39,8,17,36,7,28,12,,
239,Saturday 22 February 1992,3,22,27,38,2,40,13,,
238,Saturday 15 February 1992,39,1,40,9,20,37,12,,
237,Saturday 8 February 1992,20,5,13,22,14,36,38,,
236,Saturday 1 February 1992,35,20,26,28,5,15,11,,
235,Saturday 25 January 1992,28,25,38,17,24,12,9,,
234,Saturday 18 January 1992,14,17,37,6,27,38,23,,
233,Saturday 11 January 1992,37,23,19,8,12,15,34,,
232,Saturday 4 January 1992,1,20,36,13,25,31,3,,
231,Saturday 28 December 1991,25,5,1,13,21,10,26,,
230,Saturday 21 December 1991,10,5,1,16,40,38,6,,
229,Saturday 14 December 1991,16,37,29,24,3,10,32,,
228,Saturday 7 December 1991,39,33,27,20,30,17,1,,
227,Saturday 30 November 1991,20,6,19,26,8,7,15,,
226,Saturday 23 November 1991,15,5,36,40,32,10,27,,
225,Saturday 16 November 1991,13,21,22,18,27,16,30,,
224,Saturday 9 November 1991,28,34,5,13,15,39,25,,
223,Saturday 2 November 1991,22,17,7,4,40,32,20,,
222,Saturday 26 October 1991,7,37,22,36,11,21,17,,
221,Saturday 19 October 1991,11,27,12,13,8,3,20,,
220,Saturday 12 October 1991,34,22,30,16,11,3,37,,
219,Saturday 5 October 1991,6,12,1,15,35,36,4,,
218,Saturday 28 September 1991,36,12,7,11,26,14,24,,
217,Saturday 21 September 1991,17,27,21,40,12,23,34,,
216,Saturday 14 September 1991,2,25,26,4,36,39,24,,
215,Saturday 7 September 1991,10,27,37,7,34,12,31,,
214,Saturday 31 August 1991,29,34,36,25,7,16,3,,
213,Saturday 24 August 1991,20,7,17,28,5,39,38,,
212,Saturday 17 August 1991,31,1,8,30,29,12,14,,
211,Saturday 10 August 1991,16,27,29,2,6,12,32,,
210,Saturday 3 August 1991,17,37,12,22,33,30,7,,
209,Saturday 27 July 1991,31,32,1,18,33,23,36,,
208,Saturday 20 July 1991,34,18,5,32,9,15,29,,
207,Saturday 13 July 1991,3,2,6,14,1,30,7,,
206,Saturday 6 July 1991,25,21,23,33,35,38,10,,
205,Saturday 29 June 1991,22,28,5,38,34,39,13,,
204,Saturday 22 June 1991,19,15,34,11,24,29,18,,
203,Saturday 15 June 1991,26,10,3,30,25,24,12,,
202,Saturday 8 June 1991,3,34,15,38,8,29,26,,
201,Saturday 1 June 1991,11,16,5,28,29,30,37,,
200,Saturday 25 May 1991,29,24,13,1,34,26,6,,
199,Saturday 18 May 1991,32,37,18,26,38,1,40,,
198,Saturday 11 May 1991,24,1,6,16,39,38,5,,
197,Saturday 4 May 1991,30,17,36,12,22,8,3,,
196,Saturday 27 April 1991,32,6,39,16,4,24,40,,
195,Saturday 20 April 1991,27,36,14,7,30,15,39,,
194,Saturday 13 April 1991,1,14,30,39,29,7,17,,
193,Saturday 6 April 1991,22,9,1,32,26,10,40,,
192,Saturday 30 March 1991,23,26,13,31,36,20,22,,
191,Saturday 23 March 1991,16,11,40,34,5,2,18,,
190,Saturday 16 March 1991,27,37,32,22,13,29,2,,
189,Saturday 9 March 1991,16,22,26,19,23,18,27,,
188,Saturday 2 March 1991,5,37,39,28,1,7,15,,
187,Saturday 23 February 1991,38,40,9,25,31,6,3,,
186,Saturday 16 February 1991,22,20,30,1,8,38,40,,
185,Saturday 9 February 1991,28,20,33,34,22,18,7,,
184,Saturday 2 February 1991,11,16,8,26,15,21,33,,
183,Saturday 26 January 1991,30,39,40,15,23,37,36,,
182,Saturday 19 January 1991,30,24,15,19,3,14,2,,
181,Saturday 12 January 1991,16,12,13,28,24,22,1,,
180,Saturday 5 January 1991,9,13,24,4,31,11,26,,
179,Saturday 29 December 1990,35,26,15,6,11,18,24,,
178,Saturday 22 December 1990,4,26,3,20,15,18,28,,
177,Saturday 15 December 1990,21,15,9,6,18,16,35,,
176,Saturday 8 December 1990,7,14,8,1,37,25,9,,
175,Saturday 1 December 1990,39,12,33,35,27,19,23,,
174,Saturday 24 November 1990,17,25,36,14,18,2,20,,
173,Saturday 17 November 1990,40,14,7,2,22,11,24,,
172,Saturday 10 November 1990,32,29,16,37,24,22,27,,
171,Saturday 3 November 1990,3,1,6,32,11,24,8,,
170,Saturday 27 October 1990,35,37,28,30,21,33,11,,
169,Saturday 20 October 1990,5,18,20,24,1,33,25,,
168,Saturday 13 October 1990,14,4,32,9,2,28,21,,
167,Saturday 6 October 1990,32,24,10,4,2,17,37,,
166,Saturday 29 September 1990,14,1,24,37,17,18,29,,
165,Saturday 22 September 1990,10,32,2,40,3,18,12,,
164,Saturday 15 September 1990,30,38,1,10,40,15,16,,
163,Saturday 8 September 1990,8,25,38,24,9,17,31,,
162,Saturday 1 September 1990,22,26,10,40,36,35,14,,
161,Saturday 25 August 1990,25,35,5,12,4,14,1,,
160,Saturday 18 August 1990,18,35,13,20,25,27,34,,
159,Saturday 11 August 1990,8,29,21,37,34,24,27,,
158,Saturday 4 August 1990,11,27,22,35,29,19,37,,
157,Saturday 28 July 1990,26,28,39,36,25,17,7,,
156,Saturday 21 July 1990,8,22,4,18,10,21,28,,
155,Saturday 14 July 1990,4,29,7,37,18,9,40,,
154,Saturday 7 July 1990,40,10,20,38,33,36,16,,
153,Saturday 30 June 1990,29,31,28,40,38,2,22,,
152,Saturday 23 June 1990,10,33,14,2,24,7,12,,
151,Saturday 16 June 1990,24,29,6,7,35,22,21,,
150,Saturday 9 June 1990,22,18,12,15,27,20,21,,
149,Saturday 2 June 1990,17,10,31,4,23,5,12,,
148,Saturday 26 May 1990,31,35,33,12,28,8,7,,
147,Saturday 19 May 1990,3,11,25,26,35,38,17,,
146,Saturday 12 May 1990,4,40,21,6,33,16,32,,
145,Saturday 5 May 1990,26,28,12,17,22,7,13,,
144,Saturday 28 April 1990,14,37,8,36,1,10,22,,
143,Saturday 21 April 1990,34,37,3,16,18,2,6,,
142,Saturday 14 April 1990,24,7,4,35,18,29,12,,
141,Saturday 7 April 1990,32,19,18,4,28,6,24,,
140,Saturday 31 March 1990,8,40,27,30,37,12,38,,
139,Saturday 24 March 1990,35,13,21,16,22,30,27,,
138,Saturday 17 March 1990,1,18,29,40,25,7,30,,
137,Saturday 10 March 1990,31,13,4,16,2,8,32,,
136,Saturday 3 March 1990,12,32,35,14,33,36,28,,
135,Saturday 24 February 1990,23,19,6,13,38,8,33,,
134,Saturday 17 February 1990,21,26,11,33,2,35,22,,
133,Saturday 10 February 1990,12,5,8,26,16,1,20,,
132,Saturday 3 February 1990,25,39,21,13,31,37,27,,
131,Saturday 27 January 1990,39,18,40,32,3,2,21,,
130,Saturday 20 January 1990,22,11,8,3,12,19,2,,
129,Saturday 13 January 1990,5,35,26,25,30,17,33,,
128,Saturday 6 January 1990,1,27,13,19,3,6,2,,
127,Saturday 30 December 1989,3,10,7,27,26,39,31,,
126,Saturday 23 December 1989,32,3,38,25,14,28,10,,
125,Saturday 16 December 1989,18,32,15,17,19,26,24,,
124,Saturday 9 December 1989,33,15,14,11,40,1,39,,
123,Saturday 2 December 1989,36,5,23,26,33,20,40,,
122,Saturday 25 November 1989,26,20,11,1,40,13,9,,
121,Saturday 18 November 1989,29,26,6,27,8,13,2,,
120,Saturday 11 November 1989,26,6,13,19,34,39,4,,
119,Saturday 4 November 1989,33,28,23,12,34,17,8,,
118,Saturday 28 October 1989,37,9,30,1,27,33,17,,
117,Saturday 21 October 1989,5,19,39,1,9,31,17,,
116,Saturday 14 October 1989,11,29,34,14,8,12,16,,
115,Saturday 7 October 1989,18,27,7,30,14,13,40,,
114,Saturday 30 September 1989,40,7,2,16,27,21,22,,
113,Saturday 23 September 1989,18,2,35,33,6,36,1,,
112,Saturday 16 September 1989,39,36,21,35,22,14,29,,
111,Saturday 9 September 1989,25,24,18,29,16,19,26,,
110,Saturday 2 September 1989,1,31,39,36,23,35,18,,
109,Saturday 26 August 1989,21,5,2,32,37,16,39,,
108,Saturday 19 August 1989,18,10,30,19,35,34,6,,
107,Saturday 12 August 1989,25,15,6,12,35,27,28,,
106,Saturday 5 August 1989,14,22,10,27,4,29,7,,
105,Saturday 29 July 1989,27,11,25,39,31,15,38,,
104,Saturday 22 July 1989,34,17,40,14,26,7,8,,
103,Saturday 15 July 1989,24,33,6,30,2,9,8,,
102,Saturday 8 July 1989,4,19,6,18,37,39,36,,
101,Saturday 1 July 1989,21,6,36,37,11,12,10,,
100,Saturday 24 June 1989,30,14,9,24,18,29,7,,
99,Saturday 17 June 1989,3,15,16,31,21,14,20,,
98,Saturday 10 June 1989,40,26,30,1,12,9,36,,
97,Saturday 3 June 1989,14,18,29,23,24,16,6,,
96,Saturday 27 May 1989,38,32,21,27,11,2,35,,
95,Saturday 20 May 1989,3,23,34,14,11,12,35,,
94,Saturday 13 May 1989,35,4,12,33,19,26,14,,
93,Saturday 6 May 1989,38,30,35,36,6,7,31,,
92,Saturday 29 April 1989,26,4,19,2,28,35,37,,
91,Saturday 22 April 1989,34,35,18,5,25,38,32,,
90,Saturday 15 April 1989,6,28,2,13,24,18,36,,
89,Saturday 8 April 1989,17,27,10,38,16,29,13,,
88,Saturday 1 April 1989,4,31,3,16,33,36,14,,
87,Saturday 25 March 1989,25,11,37,29,38,33,18,,
86,Saturday 18 March 1989,4,5,18,29,27,11,9,,
85,Saturday 11 March 1989,40,6,37,33,22,1,20,,
84,Saturday 4 March 1989,31,6,1,17,16,33,19,,
83,Saturday 25 February 1989,37,27,17,7,33,10,23,,
82,Saturday 18 February 1989,10,3,23,38,8,4,16,,
81,Saturday 11 February 1989,2,38,30,1,29,3,23,,
80,Saturday 4 February 1989,23,21,24,5,8,28,30,,
79,Saturday 28 January 1989,19,17,35,10,21,26,25,,
78,Saturday 21 January 1989,18,22,31,25,35,37,16,,
77,Saturday 14 January 1989,13,20,4,28,16,18,6,,
76,Saturday 7 January 1989,27,26,21,5,36,10,22,,
75,Saturday 31 December 1988,28,6,9,1,15,17,40,,
74,Saturday 24 December 1988,12,39,1,35,37,34,19,,
73,Saturday 17 December 1988,5,34,16,20,15,6,36,,
72,Saturday 10 December 1988,21,39,20,40,22,17,36,,
71,Saturday 3 December 1988,40,2,3,30,35,25,14,,
70,Saturday 26 November 1988,30,23,21,32,29,7,25,,
69,Saturday 19 November 1988,14,25,10,17,38,36,5,,
68,Saturday 12 November 1988,6,12,9,38,39,31,26,,
67,Saturday 5 November 1988,13,36,9,29,27,19,22,,
66,Saturday 29 October 1988,22,40,17,38,19,26,11,,
65,Saturday 22 October 1988,38,16,30,6,9,32,13,,
64,Saturday 15 October 1988,39,1,25,22,27,37,29,,
63,Saturday 8 October 1988,30,27,22,39,34,19,36,,
62,Saturday 1 October 1988,23,28,3,2,18,20,25,,
61,Saturday 24 September 1988,21,8,1,36,2,12,38,,
60,Saturday 17 September 1988,5,34,36,32,8,23,14,,
59,Saturday 10 September 1988,36,12,9,5,40,10,21,,
58,Saturday 3 September 1988,29,12,3,23,37,11,39,,
57,Saturday 27 August 1988,16,13,7,18,22,37,11,,
56,Saturday 20 August 1988,12,6,5,27,9,29,33,,
55,Saturday 13 August 1988,31,38,16,20,11,23,4,,
54,Saturday 6 August 1988,1,39,29,16,22,40,33,,
53,Saturday 30 July 1988,22,34,18,32,25,21,17,,
52,Saturday 23 July 1988,4,35,33,24,30,8,2,,
51,Saturday 16 July 1988,36,19,35,11,27,24,40,,
50,Saturday 9 July 1988,24,37,13,15,33,28,32,,
49,Saturday 2 July 1988,9,29,13,25,22,4,36,,
48,Saturday 25 June 1988,37,29,14,21,38,30,12,,
47,Saturday 18 June 1988,20,32,23,21,22,34,29,,
46,Saturday 11 June 1988,34,9,10,11,14,6,30,,
45,Saturday 4 June 1988,30,13,8,2,24,31,1,,
44,Saturday 28 May 1988,4,7,12,9,33,31,30,,
43,Saturday 21 May 1988,28,9,14,36,17,37,8,,
42,Saturday 14 May 1988,40,29,31,8,14,24,32,,
41,Saturday 7 May 1988,2,3,11,12,34,25,39,,
40,Saturday 30 April 1988,20,27,30,3,2,24,31,,
39,Saturday 23 April 1988,7,17,11,19,37,36,8,,
38,Saturday 16 April 1988,29,14,8,38,13,39,5,,
37,Saturday 9 April 1988,39,21,2,8,6,23,14,,
36,Saturday 2 April 1988,34,22,5,31,11,27,7,,
35,Saturday 26 March 1988,1,20,8,39,27,30,21,,
34,Saturday 19 March 1988,2,7,18,20,40,12,17,,
33,Saturday 12 March 1988,19,39,7,14,3,24,37,,
32,Saturday 5 March 1988,32,20,24,30,16,33,8,,
31,Saturday 27 February 1988,14,34,10,17,11,5,32,,
30,Saturday 20 February 1988,35,39,40,37,15,6,8,,
29,Saturday 13 February 1988,21,24,32,22,25,31,15,,
28,Saturday 6 February 1988,23,13,10,3,15,33,6,,
27,Saturday 30 January 1988,14,28,7,29,3,5,25,,
26,Saturday 23 January 1988,7,15,24,38,27,39,19,,
25,Saturday 16 January 1988,12,16,34,29,8,5,2,,
24,Saturday 9 January 1988,35,31,9,22,34,12,24,,
23,Saturday 2 January 1988,40,38,26,13,17,27,36,,
22,Saturday 26 December 1987,18,9,25,39,29,38,40,,
21,Saturday 19 December 1987,38,5,17,37,15,20,18,,
20,Saturday 12 December 1987,29,9,8,32,5,18,6,,
19,Saturday 5 December 1987,24,40,32,10,7,34,18,,
18,Saturday 28 November 1987,1,34,15,18,33,28,5,,
17,Saturday 21 November 1987,39,18,27,30,6,17,7,,
16,Saturday 14 November 1987,35,7,20,37,36,31,6,,
15,Saturday 7 November 1987,37,29,18,23,17,32,8,,
14,Saturday 31 October 1987,39,30,20,23,28,26,1,,
13,Saturday 24 October 1987,37,5,27,3,30,15,28,,
12,Saturday 17 October 1987,18,9,31,21,6,37,33,,
11,Saturday 10 October 1987,36,12,20,39,15,11,5,,
10,Saturday 3 October 1987,19,20,11,4,28,18,2,,
9,Saturday 26 September 1987,15,2,32,27,4,9,37,,
8,Saturday 19 September 1987,13,17,26,38,8,37,19,,
7,Saturday 12 September 1987,14,1,34,23,5,28,10,,
6,Saturday 5 September 1987,12,20,17,39,31,1,4,,
5,Saturday 29 August 1987,23,7,3,8,12,11,15,,
4,Saturday 22 August 1987,35,2,29,10,4,11,14,,
3,Saturday 15 August 1987,11,26,18,39,22,5,38,,
2,Saturday 8 August 1987,3,9,39,13,36,20,38,,
1,Saturday 1 August 1987,4,29,16,40,8,32,30,,